Record ID,Record ID Extension,Name,Class,ShortDescription,DataType,Project Tag Name,DefaultValue,DisplaySequence,InputLength,Is this Feature Chargeable,Mandatory,OfferId,OfferIdExt,Persist Value in the Subscriber Inventory,RangeValue,Source,SubsetType,Record Status,Synonyms,Autocomplete,SpellSuggestionTerm,isFullSearchable,Uom,Attachment
5Gready,,,Feature,,,Demo,,,,,,,,,,,,ACTIVE,,,,,,,
ACCESS_TYPE,,Access Type,Input,Characteristic of type Input and name Access Type,String,Demo,VoIP,4,,,false,,,true,enum:VoIP|Landline,,,ACTIVE,,,,,,,
AFRICA,,Africa,Input,Characteristic of type Input and name Africa,String,Demo,No,12,,,false,,,true,enum:Yes|No,,,ACTIVE,,,,,,,
AMERICA,,America,Input,Characteristic of type Input and name America,String,Demo,No,9,,,false,,,true,enum:Yes|No,,,ACTIVE,,,,,,,
ASIA_/_AUSTRALIA,,Asia / Australia,Input,Characteristic of type Input and name Asia / Australia,String,Demo,No,10,,,false,,,,enum:Yes|No,,,ACTIVE,,,,,,,
BANDWITH,,Bandwith,Instance,Characteristic of type Instance and name Bandwith,,Demo,,1,,,,,,true,,,,ACTIVE,,,,,,,
CABLE,,Cable,Input,Cable,,Demo,TRUE,3,,,false,,,true,,,,ACTIVE,,,,,,,
CALL_FORWARD,,Call Forward,Input,Characteristic of type Input and name Call Forward,String,Demo,Yes,20,,,false,,,true,enum:Yes|No,,,ACTIVE,,,,,,,
CALL_INFO,,Call Info,Input,Characteristic of type Input and name Call Info,String,Demo,Yes,24,,,false,,,true,enum:Yes|No,,,ACTIVE,,,,,,,
CALL_INHIBITION,,Call Inhibition,Input,Characteristic of type Input and name Call Inhibition,String,Demo,Yes,22,,,false,,,true,enum:Yes|No,,,ACTIVE,,,,,,,
CALL_TRANSFER,,Call Transfer,Input,Characteristic of type Input and name Call Transfer,String,Demo,Yes,23,,,false,,,true,enum:Yes|No,,,ACTIVE,,,,,,,
CALL_WAITING,,Call Waiting,Input,Characteristic of type Input and name Call Waiting,String,Demo,Yes,21,,,false,,,true,enum:Yes|No,,,ACTIVE,,,,,,,
CHARGE_CODE,,CHARGE_CODE,Instance,Billing code,String,Demo,0,,,,,,,,,,,ACTIVE,,,,,,,
Color,,Color,Input,Color,String,Demo,White,,10,,false,,,,,,,ACTIVE,,,,,,,
COMPENSATE_PROVIDE,,COMPENSATE_PROVIDE,,,,,PF_3UK_MVNO_CEASE,,,,,,,,,,,ACTIVE,,,,,,,
DATA_OPTION,,Data Option,Input,Characteristic of type Input and name Data Option,String,Demo,1 GB,7,,,false,,,,enum:1 GB|5 GB|10 GB,,,ACTIVE,,,,,,,
DATA_USAGE,,Data Usage,Instance,Characteristic of type Instance and name Data Usage,,Demo,,2,,,,,,true,,,,ACTIVE,,,,,,,
DECOMPOSITION,,DECOMPOSITION,Instance,DECOMPOSITION,,Demo,,1,,,false,,,true,,,,ACTIVE,,,,,,,
DEMO,,Demo Characteristic,Instance,DEmo Char,String,Demo,0,1,10,false,true,,,true,enum:10-100,,,ACTIVE,,,,,,,
EPMR_ACTION_PROVIDE,,EPMR_ACTION_PROVIDE,,,,3UK_MVNO_COMMON,COMPENSATE,,,,,,,,,,,ACTIVE,,,,,,,
EPMR_ACTION_PROVIDE_UDF_CHANGE,,EPMR_ACTION_PROVIDE_UDF_CHANGE,,,,,COMPENSATE,,,,,,,,,,,ACTIVE,,,,,,,
EPMR_ACTION_WITHDRAW,,EPMR_ACTION_WITHDRAW,Feature,EPMR_ACTION_WITHDRAW,,,,,,,,,,,,,,ACTIVE,,,,,,,
EUROPE,,Europe,Input,Characteristic of type Input and name Europe,String,Demo,Yes,11,,,false,,,true,enum:Yes|No,,,ACTIVE,,,,,,,
EXTRA_CHANNELS,,Extra Channels,Input,Characteristic of type Input and name Extra Channels,String,Demo,100 Channels,8,,,false,,,,enum:100 Channels|200 Channels|300 Channels,,,ACTIVE,,,,,,,
HD,,HD,Input,HD,,Demo,,1,,,true,,,true,,,,ACTIVE,,,,,,,
INCLUDE_MEMBERS,,Include Members,Instance,Characteristic of type Instance and name Include Members,,Demo,,15,,,,,,true,,,,ACTIVE,,,,,,,
INSTALLATION_REQUIRED,,Installation required,Input,Characteristic of type Input and name Installation required,String,Demo,No,25,,,false,,,true,enum:Yes|No,,,ACTIVE,,,,,,,
KIDS,,Kids,Input,Characteristic of type Input and name Kids,String,Demo,No,19,,,false,,,true,enum:Yes|No,,,ACTIVE,,,,,,,
LINENUMBER,,Linenumber,Input,Linenumber,,Demo,,3,,,true,,,true,,,,ACTIVE,,,,,,,
MOBILE,,Mobile,Input,Mobile,,Demo,TRUE,2,,,false,,,true,,,,ACTIVE,,,,,,,
MOVIES,,Movies,Input,Characteristic of type Input and name Movies,String,Demo,No,17,,,false,,,true,enum:Yes|No,,,ACTIVE,,,,,,,
SHARED_BILLING_ID,,Shared Billing ID,Shared,,,Demo,,,,,,,,,,,,ACTIVE,,,,,,,
SINGLE_DELIVERY,,Single Delivery,Input,Characteristic of type Input and name Single Delivery,String,Demo,Yes,5,,,false,,,,,,,ACTIVE,,,,,,,
SIZE,,Size,Instance,Characteristic of type Instance and name Size,,Demo,,13,,,,,,true,,,,ACTIVE,,,,,,,
SMS_OPTION,,SMS Option,Input,Characteristic of type Input and name SMS Option,,Demo,75,14,,,false,,,true,enum:75|300|800,,,ACTIVE,,,,,,,
SPORTS,,Sports,Input,Characteristic of type Input and name Sports,String,Demo,Yes,18,,,false,,,true,enum:Yes|No,,,ACTIVE,,,,,,,
STB_ID,,Stb id,Input,Stb id,,Demo,,2,,,true,,,true,,,,ACTIVE,,,,,,,
STRING_CHAR,,STRING_CHAR,Input,STRING_CHAR,String,Demo,"""string char""",,,,,,,true,,,,ACTIVE,,,,,,,
SupportedBandwith,,SupportedBandwith,Instance,,,Demo,10GB,,,,,,,,,,,ACTIVE,,,,,,,
TV_ID,,TV id,Input,TV id,,Demo,,4,,,true,,,,,,,ACTIVE,,,,,,,
UNITY,,Unity,Input,Unity,,Demo,TRUE,4,,,false,,,,,,,ACTIVE,,,,,,,
VOICE_OPTION,,Voice Option,Input,Characteristic of type Input and name Voice Option,String,Demo,300 Minutes,6,,,false,,,true,enum:300 Minutes|600 Minutes|Unlimited,,,ACTIVE,,,,,,,
VOICE_TOPUP_OPTION,,Voice Topup Option,Input,Characteristic of type Input and name Voice Topup Option,String,Demo,100 Minutes,16,,,false,,,true,enum:100 Minutes|200 Minutes,,,ACTIVE,,,,,,,
