Record ID,Record ID Extension,Plan Fragment Name,Plan Fragment Version,Owner,Error Handler,Project Tag Name,Class,ShortDescription,Record Status,RetryCount,RetryDelay,RetryFailed,RetryOverride,MaximumDuration,Maximum Duration UOM,TypicalDuration,TypicalDurationUOM
NO_RECIPROCAL_ACTION,,NO_RECIPROCAL_ACTION,1,NONE,,,Process,NO_RECIPROCAL_ACTION,ACTIVE,,,,,1,,1,,
NON_EXECUTING,,NON_EXECUTING,1,NONE,,3UK_MVNO_COMMON,Process,NON_EXECUTING,ACTIVE,,,,,1,,1,,
PF_3UK_MVNO_CEASE,,PF_DEMO_CEASE,1,,,3UK_MVNO_COMMON,Process,Cease Plan Fragment name,ACTIVE,,,,,1000,milliseconds,3000,milliseconds,
PF_3UK_MVNO_COMMON,,PF_DEMO_COMMON,1,,,3UK_MVNO_COMMON,Process,Common Plan fragment,ACTIVE,3,1000,true,false,1000,milliseconds,3000,milliseconds,
PF_3UK_MVNO_ROLLBACK,,PF_DEMO_ROLLBACK,1,,,,Process,Use this PF so as an eye catcher only,ACTIVE,,,,,1000,milliseconds,3000,milliseconds,
PF_ANTIVIRUS_ACTIVATE,,PF_ANTIVIRUS_ACTIVATE,1,,,,Process,PF_ANTIVIRUS_ACTIVATE,ACTIVE,,,,,5000,milliseconds,2000,milliseconds,
PF_ANTIVIRUS_DEACTIVATE,,PF_ANTIVIRUS_DEACTIVATE,1,,,,Process,PF_ANTIVIRUS_DEACTIVATE,ACTIVE,,,,,5000,milliseconds,2000,milliseconds,
PF_ANTIVIRUS_UPDATE,,PF_ANTIVIRUS_UPDATE,1,,,,Process,PF_ANTIVIRUS_UPDATE,ACTIVE,,,,,5000,milliseconds,2000,milliseconds,
PF_AUDIOSERVER_ACTIVATE,,PF_AUDIOSERVER_ACTIVATE,1,,,,Process,PF_AUDIOSERVER_ACTIVATE,ACTIVE,,,,,5000,milliseconds,2000,milliseconds,
PF_AUDIOSERVER_DEACTIVATE,,PF_AUDIOSERVER_DEACTIVATE,1,,,,Process,PF_AUDIOSERVER_DEACTIVATE,ACTIVE,,,,,5000,milliseconds,2000,milliseconds,
PF_AUDIOSERVER_UPDATE,,PF_AUDIOSERVER_UPDATE,1,,,,Process,PF_AUDIOSERVER_UPDATE,ACTIVE,,,,,5000,milliseconds,2000,milliseconds,
PF_CLOUD_ACTIVATE,,PF_CLOUD_ACTIVATE,1,,,,Process,PF_CLOUD_ACTIVATE,ACTIVE,,,,,5000,milliseconds,2000,milliseconds,
PF_CLOUD_DEACTIVATE,,PF_CLOUD_DEACTIVATE,1,,,,Process,PF_CLOUD_DEACTIVATE,ACTIVE,,,,,5000,milliseconds,2000,milliseconds,
PF_CLOUD_UPDATE,,PF_CLOUD_UPDATE,1,,,,Process,PF_CLOUD_UPDATE,ACTIVE,,,,,5000,milliseconds,2000,milliseconds,
PF_COPPER_ACTIVATE,,PF_COPPER_ACTIVATE,1,,,,Process,PF_COPPER_ACTIVATE,ACTIVE,,,,,5000,milliseconds,2000,milliseconds,
PF_COPPER_DEACTIVATE,,PF_COPPER_DEACTIVATE,1,,,,Process,PF_COPPER_DEACTIVATE,ACTIVE,,,,,5000,milliseconds,2000,milliseconds,
PF_COPPER_UPDATE,,PF_COPPER_UPDATE,1,,,,Process,PF_COPPER_UPDATE,ACTIVE,,,,,5000,milliseconds,2000,milliseconds,
PF_DELIVERY_PROVIDE,,PF_DELIVERY_PROVIDE,1,,,,Process,PF_DELIVERY_PROVIDE,ACTIVE,,,,,5000,milliseconds,2000,milliseconds,
PF_DELIVERY_UPDATE,,PF_DELIVERY_UPDATE,1,,,,Process,PF_DELIVERY_UPDATE,ACTIVE,,,,,5000,milliseconds,2000,milliseconds,
PF_DEMO_CANCEL,,PF_DEMO_CANCEL_NAME,1,,,,Process,Implements Compensation Processes Component,ACTIVE,,,,,1000,milliseconds,3000,milliseconds,
PF_DEMO_PROVIDE,,PF_DEMO_PROVIDE_NAME,1,,,,Process,Used to start demo Processes Component,ACTIVE,,,,,1000,milliseconds,3000,milliseconds,
PF_DEMO_SIMULATE,,PF_DEMO_SIMULATE_NAME,1,,,,Process,Used to start demo Processes Component,ACTIVE,,,,,1000,milliseconds,3000,milliseconds,
PF_GENERIC,,Plan Fragment Generic,1,,,,Process,Generic Plan Fragment as a placeholder for Demos where we do not really have a PF for it.,ACTIVE,,,,,2000,milliseconds,5000,milliseconds,
PF_INET_DATA_ACTIVATE,,PF_INET_DATA_ACTIVATE,1,,,,Process,PF_INET_DATA_ACTIVATE,ACTIVE,,,,,5000,milliseconds,2000,milliseconds,
PF_INET_DATA_DEACTIVATE,,PF_INET_DATA_DEACTIVATE,1,,,,Process,PF_INET_DATA_DEACTIVATE,ACTIVE,,,,,5000,milliseconds,2000,milliseconds,
PF_INET_DATA_UPDATE,,PF_INET_DATA_UPDATE,1,,,,Process,PF_INET_DATA_UPDATE,ACTIVE,,,,,5000,milliseconds,2000,milliseconds,
PF_INET_LINE_ACTIVATE,,PF_INET_LINE_ACTIVATE,1,,,,Process,PF_INET_LINE_ACTIVATE,ACTIVE,,,,,5000,milliseconds,2000,milliseconds,
PF_INET_LINE_DEACTIVATE,,PF_INET_LINE_DEACTIVATE,1,,,,Process,PF_INET_LINE_DEACTIVATE,ACTIVE,,,,,5000,milliseconds,2000,milliseconds,
PF_INET_LINE_UPDATE,,PF_INET_LINE_UPDATE,1,,,,Process,PF_INET_LINE_UPDATE,ACTIVE,,,,,5000,milliseconds,2000,milliseconds,
PF_INSTALLATION_TASK,,PF_INSTALLATION_TASK,1,,,,Process,PF_INSTALLATION_TASK,ACTIVE,,,,,500000,milliseconds,120000,milliseconds,
PF_INVENTORY_ADD,,PF_INVENTORY_ADD,1,,,,Process,PF_INVENTORY_ADD,ACTIVE,,,,,5000,milliseconds,2000,milliseconds,
PF_INVENTORY_DELETE,,PF_INVENTORY_DELETE,1,,,,Process,PF_INVENTORY_DELETE,ACTIVE,,,,,5000,milliseconds,2000,milliseconds,
PF_INVENTORY_UNDO,,PF_INVENTORY_UNDO,1,,,,Process,PF_INVENTORY_UNDO,ACTIVE,,,,,5000,milliseconds,2000,milliseconds,
PF_INVENTORY_UPDATE,,PF_INVENTORY_UPDATE,1,,,,Process,PF_INVENTORY_UPDATE,ACTIVE,,,,,5000,milliseconds,2000,milliseconds,
PF_MAIL_SERVER_ACTIVATE,,PF_MAIL_SERVER_ACTIVATE,1,,,,Process,PF_MAIL_SERVER_ACTIVATE,ACTIVE,,,,,5000,milliseconds,2000,milliseconds,
PF_MAIL_SERVER_DEACTIVATE,,PF_MAIL_SERVER_DEACTIVATE,1,,,,Process,PF_MAIL_SERVER_DEACTIVATE,ACTIVE,,,,,5000,milliseconds,2000,milliseconds,
PF_MAIL_SERVER_UPDATE,,PF_MAIL_SERVER_UPDATE,1,,,,Process,PF_MAIL_SERVER_UPDATE,ACTIVE,,,,,5000,milliseconds,2000,milliseconds,
PF_MOBILDATA_ACTIVATE,,PF_MOBILDATA_ACTIVATE,1,,,,Process,PF_MOBILDATA_ACTIVATE,ACTIVE,,,,,5000,milliseconds,2000,milliseconds,
PF_MOBILDATA_DEACTIVATE,,PF_MOBILDATA_DEACTIVATE,1,,,,Process,PF_MOBILDATA_DEACTIVATE,ACTIVE,,,,,5000,milliseconds,2000,milliseconds,
PF_MOBILDATA_UPDATE,,PF_MOBILDATA_UPDATE,1,,,,Process,PF_MOBILDATA_UPDATE,ACTIVE,,,,,5000,milliseconds,2000,milliseconds,
PF_MOBILE_DATA_ACTIVATE,,PF_MOBILE_DATA_ACTIVATE,1,,,,Process,PF_MOBILE_DATA_ACTIVATE,ACTIVE,,,,,5000,milliseconds,2000,milliseconds,
PF_MOBILE_DATA_DEACTIVATE,,PF_MOBILE_DATA_DEACTIVATE,1,,,,Process,Mobile Data Deactivate,ACTIVE,,,,,5000,milliseconds,2000,milliseconds,
PF_MOBILE_DATA_UPDATE,,PF_MOBILE_DATA_UPDATE,1,,,,Process,Mobile Data Deactivate,ACTIVE,,,,,5000,milliseconds,2000,milliseconds,
PF_MOBILE_LINE_ACTIVATE,,PF_MOBILE_LINE_ACTIVATE,1,,,,Process,PF_MOBILE_LINE_ACTIVATE,ACTIVE,,,,,5000,milliseconds,2000,milliseconds,
PF_MOBILE_LINE_DEACTIVATE,,PF_MOBILE_LINE_DEACTIVATE,1,,,,Process,PF_MOBILE_LINE_DEACTIVATE,ACTIVE,,,,,5000,milliseconds,2000,milliseconds,
PF_MOBILE_LINE_UPDATE,,PF_MOBILE_LINE_UPDATE,1,,,,Process,PF_MOBILE_LINE_UPDATE,ACTIVE,,,,,5000,milliseconds,2000,milliseconds,
PF_PROCUREMENT_PROVIDE,,PF_PROCUREMENT_PROVIDE,1,,,,Process,PF_PROCUREMENT_PROVIDE,ACTIVE,,,,,5000,milliseconds,2000,milliseconds,
PF_PROCUREMENT_RELEASE,,PF_PROCUREMENT_RELEASE,1,,,,Process,PF_PROCUREMENT_RELEASE,ACTIVE,,,,,5000,milliseconds,2000,milliseconds,
PF_PROCUREMENT_UPDATE,,PF_PROCUREMENT_UPDATE,1,,,,Process,PF_PROCUREMENT_UPDATE,ACTIVE,,,,,5000,milliseconds,2000,milliseconds,
PF_SIM_ACTIVATE,,PF_SIM_ACTIVATE,1,,,,Process,Planfragment SIM Activate,ACTIVE,,,,,5000,milliseconds,2000,milliseconds,
PF_SIM_DEACTIVATE,,PF_SIM_DEACTIVATE,1,,,,Process,Planfragment SIM Deactivate,ACTIVE,,,,,5000,milliseconds,2000,milliseconds,
PF_SIM_UPDATE,,PF_SIM_UPDATE,1,,,,Process,Planfragment SIM Update,ACTIVE,,,,,5000,milliseconds,2000,milliseconds,
PF_STREAMING_SERVER_ACTIVATE,,PF_STREAMING_SERVER_ACTIVATE,1,,,,Process,PF_STREAMING_SERVER_ACTIVATE,ACTIVE,,,,,5000,milliseconds,2000,milliseconds,
PF_STREAMING_SERVER_DEACTIVATE,,PF_STREAMING_SERVER_DEACTIVATE,1,,,,Process,PF_STREAMING_SERVER_DEACTIVATE,ACTIVE,,,,,5000,milliseconds,2000,milliseconds,
PF_STREAMING_SERVER_UPDATE,,PF_STREAMING_SERVER_UPDATE,1,,,,Process,PF_STREAMING_SERVER_UPDATE,ACTIVE,,,,,5000,milliseconds,2000,milliseconds,
PF_VAM_ACTIVATE,,PF_VAM_ACTIVATE,1,,,,Process,PF_VAM_ACTIVATE,ACTIVE,,,,,5000,milliseconds,2000,milliseconds,
PF_VAM_DEACTIVATE,,PF_VAM_DEACTIVATE,1,,,,Process,PF_VAM_DEACTIVATE,ACTIVE,,,,,5000,milliseconds,2000,milliseconds,
PF_VAM_UPDATE,,PF_VAM_UPDATE,1,,,,Process,PF_VAM_UPDATE,ACTIVE,,,,,5000,milliseconds,2000,milliseconds,
PF_VOICE_SUPPORT_ACTIVATE,,PF_VOICE_SUPPORT_ACTIVATE,1,,,,Process,PF_VOICE_SUPPORT_ACTIVATE,ACTIVE,,,,,5000,milliseconds,2000,milliseconds,
PF_VOICE_SUPPORT_DEACTIVATE,,PF_VOICE_SUPPORT_DEACTIVATE,1,,,,Process,PF_VOICE_SUPPORT_DEACTIVATE,ACTIVE,,,,,5000,milliseconds,2000,milliseconds,
PF_VOICE_SUPPORT_UPDATE,,PF_VOICE_SUPPORT_UPDATE,1,,,,Process,PF_VOICE_SUPPORT_UPDATE,ACTIVE,,,,,5000,milliseconds,2000,milliseconds,
PF_VOIP_ACTIVATE,,PF_VOIP_ACTIVATE,1,,,,Process,PF_VOIP_ACTIVATE,ACTIVE,,,,,5000,milliseconds,2000,milliseconds,
PF_VOIP_DEACTIVATE,,PF_VOIP_DEACTIVATE,1,,,,Process,PF_VOIP_DEACTIVATE,ACTIVE,,,,,5000,milliseconds,2000,milliseconds,
PF_VOIP_UPDATE,,PF_VOIP_UPDATE,1,,,,Process,PF_VOIP_UPDATE,ACTIVE,,,,,5000,milliseconds,2000,milliseconds,
