Record ID,Record ID Extension,Name,Commercial Name,Project Tag Name,Class,Sub Class,Charge Frequency,ChargeFrequencyUOM,Charge To,Charge From,ChargePer,ChargePerUOM,Charge Priority,Per,Charge Amount,Currency,Min Amount,Usage,Duration,DurationUOM,Start Date,End Date,Start Time,End Time,Long Description,Short Description,Record Status,Migration Formula,OPDEdition
CMP_BPO_FIXED_TELEPHONY_PACKAGE,,Composite price of product BPO_FIXED_TELEPHONY_PACKAGE,,Demo,COMPOSITE,,,,,,,,10,,0.00,EUR,,,,,08-01-2022,12-31-2027,,,Composite price of product BPO_FIXED_TELEPHONY_PACKAGE,Composite price of product BPO_FIXED_TELEPHONY_PACKAGE,ACTIVE,,,
CMP_BPO_MOBILE_PACKAGE_USAGE,,Composite price (usage) of product BPO_MOBILE_PACKAGE,,Demo,COMPOSITE,,,,,,,,10,,0.00,EUR,,,,,08-01-2022,12-31-2027,,,Composite price (usage) of product BPO_MOBILE_PACKAGE,Composite price (usage) of product BPO_MOBILE_PACKAGE,ACTIVE,,,
CMP_PO_INTERNATIONAL_OPTION_300,,Composite price of product PO_INTERNATIONAL_OPTION_300,,Demo,COMPOSITE,,,,,,,,10,,0.00,EUR,,,,,08-01-2022,12-31-2027,,,Composite price of product PO_INTERNATIONAL_OPTION_300,Composite price of product PO_INTERNATIONAL_OPTION_300,ACTIVE,,,
CMP_PO_PREMIUM_CHANNELS,,Composite price of product PO_PREMIUM_CHANNELS,,Demo,COMPOSITE,,,,,,,,10,,1.00,EUR,,,,,08-01-2022,12-31-2027,,,Composite price of product PO_PREMIUM_CHANNELS,Composite price of product PO_PREMIUM_CHANNELS,ACTIVE,,,
OT_INSTALLATION_COSTS,,Installation costs,,Demo,ONE_TIME,,,,,,,,,,20.00,EUR,,,,,08-01-2022,12-31-2027,,,Installation costs,Installation costs,ACTIVE,,,
OT_PO_ALL-PROVIDER_CALLS_TOPUP_100,,One time price (100) of product PO_ALL-PROVIDER_CALLS_TOPUP,,Demo,ONE_TIME,,,,,,,,10,,2.50,EUR,,,,,08-01-2022,12-31-2027,,,One time price (100) of product PO_ALL-PROVIDER_CALLS_TOPUP,One time price (100) of product PO_ALL-PROVIDER_CALLS_TOPUP,ACTIVE,,,
OT_PO_ALL-PROVIDER_CALLS_TOPUP_200,,One time price (200) of product PO_ALL-PROVIDER_CALLS_TOPUP,,Demo,ONE_TIME,,,,,,,,10,,4.00,EUR,,,,,08-01-2022,12-31-2027,,,One time price (200) of product PO_ALL-PROVIDER_CALLS_TOPUP,One time price (200) of product PO_ALL-PROVIDER_CALLS_TOPUP,ACTIVE,,,
OT_PO_DATA_TOPUP_10_GB,,One time price (10 gb) of product PO_DATA_TOPUP,,Demo,ONE_TIME,,,,,,,,10,,20.00,EUR,,,,,08-01-2022,12-31-2027,,,One time price (10 gb) of product PO_DATA_TOPUP,One time price (10 gb) of product PO_DATA_TOPUP,ACTIVE,,,
OT_PO_DATA_TOPUP_1_GB,,One time price (1 gb) of product PO_DATA_TOPUP,,Demo,ONE_TIME,,,,,,,,10,,10.00,EUR,,,,,09-01-2022,12-31-2027,,,One time price (1 gb) of product PO_DATA_TOPUP,One time price (1 gb) of product PO_DATA_TOPUP,ACTIVE,,,
OT_PO_DATA_TOPUP_5_GB,,One time price (5 gb) of product PO_DATA_TOPUP,,Demo,ONE_TIME,,,,,,,,10,,14.00,EUR,,,,,08-01-2022,12-31-2027,,,One time price (5 gb) of product PO_DATA_TOPUP,One time price (5 gb) of product PO_DATA_TOPUP,ACTIVE,,,
OT_PO_HTC_ONE_M9,,One time price of product PO_HTC_ONE_M9,,Demo,ONE_TIME,,,,,,,,10,,749.99,EUR,,,,,08-01-2022,12-31-2027,,,One time price of product PO_HTC_ONE_M9,One time price of product PO_HTC_ONE_M9,ACTIVE,,,
OT_PO_INTERNAL_CALLS_TOPUP_100,,One time price (100) of product PO_INTERNAL_CALLS_TOPUP,,Demo,ONE_TIME,,,,,,,,10,,1.50,EUR,,,,,08-01-2022,12-31-2027,,,One time price (100) of product PO_INTERNAL_CALLS_TOPUP,One time price (100) of product PO_INTERNAL_CALLS_TOPUP,ACTIVE,,,
OT_PO_INTERNAL_CALLS_TOPUP_200,,One time price (200) of product PO_INTERNAL_CALLS_TOPUP,,Demo,ONE_TIME,,,,,,,,10,,2.00,EUR,,,,,08-01-2022,12-31-2027,,,One time price (200) of product PO_INTERNAL_CALLS_TOPUP,One time price (200) of product PO_INTERNAL_CALLS_TOPUP,ACTIVE,,,
OT_PO_IPHONE_6,,One time price of product PO_IPHONE_6,,Demo,ONE_TIME,,,,,,,,10,,659.99,EUR,,,,,08-01-2022,12-31-2027,,,One time price of product PO_IPHONE_6,One time price of product PO_IPHONE_6,ACTIVE,,,
OT_PO_SAMSUNG_GALAXY_S6,,One time price of product PO_SAMSUNG_GALAXY_S6,,Demo,ONE_TIME,,,,,,,,10,,589.99,EUR,,,,,08-01-2022,12-31-2027,,,One time price of product PO_SAMSUNG_GALAXY_S6,One time price of product PO_SAMSUNG_GALAXY_S6,ACTIVE,,,
OT_PO_SMS_TOPUP_300,,One time price (300) of product PO_SMS_TOPUP,,Demo,ONE_TIME,,,,,,,,10,,4.00,EUR,,,,,08-01-2022,12-31-2027,,,One time price (300) of product PO_SMS_TOPUP,One time price (300) of product PO_SMS_TOPUP,ACTIVE,,,
OT_PO_SMS_TOPUP_75,,One time price (75) of product PO_SMS_TOPUP,,Demo,ONE_TIME,,,,,,,,10,,1.50,EUR,,,,,08-01-2022,12-31-2027,,,One time price (75) of product PO_SMS_TOPUP,One time price (75) of product PO_SMS_TOPUP,ACTIVE,,,
OT_PO_SMS_TOPUP_800,,One time price (800) of product PO_SMS_TOPUP,,Demo,ONE_TIME,,,,,,,,10,,8.00,EUR,,,,,08-01-2022,12-31-2027,,,One time price (800) of product PO_SMS_TOPUP,One time price (800) of product PO_SMS_TOPUP,ACTIVE,,,
PO_PRICE_CONTRACT,,PO_PRICE_CONTRACT,,3UK_MVNO_COMMON,RECURRING,,1.00,Month,,,,,,,10.00,£,,,,,01-18-2022,01-18-2030,,,,,ACTIVE,,,
PRICE_1,,PRICE_1,PRICE_1,Demo,ONE_TIME,,,Month,,,,,,Month,11.00,EUR,,,,,08-01-2022,12-31-2027,,,,,ACTIVE,,,
REC_BPO_FIXED_TELEPHONY_PACKAGE,,Recurring price of product BPO_FIXED_TELEPHONY_PACKAGE,,Demo,RECURRING,,1.00,Month,,,,,10,,2.00,EUR,,,,,08-01-2022,12-31-2027,,,Recurring price of product BPO_FIXED_TELEPHONY_PACKAGE,Recurring price of product BPO_FIXED_TELEPHONY_PACKAGE,ACTIVE,,,
REC_BPO_MOBILE_PACKAGE,,Recurring price of product BPO_MOBILE_PACKAGE,,Demo,RECURRING,,1.00,Month,,,,,10,,3.00,EUR,,,,,08-01-2022,12-31-2027,,,Recurring price of product BPO_MOBILE_PACKAGE,Recurring price of product BPO_MOBILE_PACKAGE,ACTIVE,,,
REC_BPO_TV_PACKAGE,,Recurring price of product BPO_TV_PACKAGE,,Demo,RECURRING,,1.00,Month,,,,,10,,10.00,EUR,,,,,08-01-2022,12-31-2027,,,Recurring price of product BPO_TV_PACKAGE,Recurring price of product BPO_TV_PACKAGE,ACTIVE,,,
REC_PO_10_MEMBERS,,Recurring price of product PO_10_MEMBERS,,Demo,RECURRING,,1.00,Month,,,,,10,,12.00,EUR,,,,,08-01-2022,12-31-2027,,,Recurring price of product PO_10_MEMBERS,Recurring price of product PO_10_MEMBERS,ACTIVE,,,
REC_PO_2_MEMBERS,,Recurring price of product PO_2_MEMBERS,,Demo,RECURRING,,1.00,Month,,,,,10,,5.00,EUR,,,,,08-01-2022,12-31-2027,,,Recurring price of product PO_2_MEMBERS,Recurring price of product PO_2_MEMBERS,ACTIVE,,,
REC_PO_ALL-PROVIDER_CALLS_100,,Recurring price (100) of product PO_ALL-PROVIDER_CALLS,,Demo,RECURRING,,1.00,Month,,,,,10,,2.00,EUR,,,,,08-01-2022,12-31-2027,,,Recurring price (100) of product PO_ALL-PROVIDER_CALLS,Recurring price (100) of product PO_ALL-PROVIDER_CALLS,ACTIVE,,,
REC_PO_ALL-PROVIDER_CALLS_200,,Recurring price (200) of product PO_ALL-PROVIDER_CALLS,,Demo,RECURRING,,1.00,Month,,,,,10,,4.00,EUR,,,,,08-01-2022,12-31-2027,,,Recurring price (200) of product PO_ALL-PROVIDER_CALLS,Recurring price (200) of product PO_ALL-PROVIDER_CALLS,ACTIVE,,,
REC_PO_ALL-PROVIDER_CALLS_UNLIMITED,,Recurring price (unlimited) of product PO_ALL-PROVIDER_CALLS,,Demo,RECURRING,,1.00,Month,,,,,10,,20.00,EUR,,,,,08-01-2022,12-31-2027,,,Recurring price (unlimited) of product PO_ALL-PROVIDER_CALLS,Recurring price (unlimited) of product PO_ALL-PROVIDER_CALLS,ACTIVE,,,
REC_PO_AUDIO_CHANNELS,,Recurring price of product PO_AUDIO_CHANNELS,,Demo,RECURRING,,1.00,Month,,,,,10,,2.00,EUR,,,,,08-01-2022,12-31-2027,,,Recurring price of product PO_AUDIO_CHANNELS,Recurring price of product PO_AUDIO_CHANNELS,ACTIVE,,,
REC_PO_BASIC_DEVICE,,Recurring price of product PO_BASIC_DEVICE,,Demo,RECURRING,,1.00,Month,,,,,10,,0.00,EUR,,,,,08-01-2022,12-31-2027,,,Recurring price of product PO_BASIC_DEVICE,Recurring price of product PO_BASIC_DEVICE,ACTIVE,,,
REC_PO_BASIC_MODEM,,Recurring price of product PO_BASIC_MODEM,,Demo,RECURRING,,1.00,Month,,,,,10,,0.00,EUR,,,,,08-01-2022,12-31-2027,,,Recurring price of product PO_BASIC_MODEM,Recurring price of product PO_BASIC_MODEM,ACTIVE,,,
REC_PO_BASIC_MONITORING_ALARMS,,Recurring price of product PO_BASIC_MONITORING_ALARMS,,Demo,RECURRING,,1.00,Month,,,,,10,,10.00,EUR,,,,,08-01-2022,12-31-2027,,,Recurring price of product PO_BASIC_MONITORING_ALARMS,Recurring price of product PO_BASIC_MONITORING_ALARMS,ACTIVE,,,
REC_PO_BASIC_MONITORING_ALARMS_AND_VIDEOS,,Recurring price of product PO_BASIC_MONITORING_ALARMS_AND_VIDEOS,,Demo,RECURRING,,1.00,Month,,,,,10,,15.00,EUR,,,,,08-01-2022,12-31-2027,,,Recurring price of product PO_BASIC_MONITORING_ALARMS_AND_VIDEOS,Recurring price of product PO_BASIC_MONITORING_ALARMS_AND_VIDEOS,ACTIVE,,,
REC_PO_CLOUD_BASED_RECORDING,,Recurring price of product PO_CLOUD_BASED_RECORDING,,Demo,RECURRING,,1.00,Month,,,,,10,,5.00,EUR,,,,,08-01-2022,12-31-2027,,,Recurring price of product PO_CLOUD_BASED_RECORDING,Recurring price of product PO_CLOUD_BASED_RECORDING,ACTIVE,,,
REC_PO_CLOUD_BASED_STORAGE,,Recurring price of product PO_CLOUD_BASED_STORAGE,,Demo,RECURRING,,1.00,Month,,,,,10,,0.79,EUR,,,,,08-01-2022,12-31-2027,,,Recurring price of product PO_CLOUD_BASED_STORAGE,Recurring price of product PO_CLOUD_BASED_STORAGE,ACTIVE,,,
REC_PO_DATA_PACKAGE_10_GB,,Recurring price (10 gb) of product PO_DATA_PACKAGE,,Demo,RECURRING,,1.00,Month,,,,,10,,30.00,EUR,,,,,08-01-2022,12-31-2027,,,Recurring price (10 gb) of product PO_DATA_PACKAGE,Recurring price (10 gb) of product PO_DATA_PACKAGE,ACTIVE,,,
REC_PO_DATA_PACKAGE_1_GB,,Recurring price (1 gb) of product PO_DATA_PACKAGE,,Demo,RECURRING,,1.00,Month,,,,,10,,12.00,EUR,,,,,08-01-2022,12-31-2027,,,Recurring price (1 gb) of product PO_DATA_PACKAGE,Recurring price (1 gb) of product PO_DATA_PACKAGE,ACTIVE,,,
REC_PO_DATA_PACKAGE_5_GB,,Recurring price (5 gb) of product PO_DATA_PACKAGE,,Demo,RECURRING,,1.00,Month,,,,,10,,20.00,EUR,,,,,08-01-2022,12-31-2027,,,Recurring price (5 gb) of product PO_DATA_PACKAGE,Recurring price (5 gb) of product PO_DATA_PACKAGE,ACTIVE,,,
REC_PO_EMAIL_BOX,,Recurring price of product PO_EMAIL_BOX,,Demo,RECURRING,,1.00,Month,,,,,10,,1.00,EUR,,,,,08-01-2022,12-31-2027,,,Recurring price of product PO_EMAIL_BOX,Recurring price of product PO_EMAIL_BOX,ACTIVE,,,
REC_PO_EXTRA_CHANNELS_100,,Recurring price (100) of product PO_EXTRA_CHANNELS,,Demo,RECURRING,,1.00,Month,,,,,10,,5.00,EUR,,,,,08-01-2022,12-31-2027,,,Recurring price (100) of product PO_EXTRA_CHANNELS,Recurring price (100) of product PO_EXTRA_CHANNELS,ACTIVE,,,
REC_PO_EXTRA_CHANNELS_200,,Recurring price (200) of product PO_EXTRA_CHANNELS,,Demo,RECURRING,,1.00,Month,,,,,10,,8.00,EUR,,,,,08-01-2022,12-31-2027,,,Recurring price (200) of product PO_EXTRA_CHANNELS,Recurring price (200) of product PO_EXTRA_CHANNELS,ACTIVE,,,
REC_PO_EXTRA_TELEPHONY_SERVICE,,Recurring price of product PO_EXTRA_TELEPHONY_SERVICE,,Demo,RECURRING,,1.00,Month,,,,,10,,3.00,EUR,,,,,08-01-2022,12-31-2027,,,Recurring price of product PO_EXTRA_TELEPHONY_SERVICE,Recurring price of product PO_EXTRA_TELEPHONY_SERVICE,ACTIVE,,,
REC_PO_HD_DEVICE,,Recurring price of product PO_HD_DEVICE,,Demo,RECURRING,,1.00,Month,,,,,10,,4.00,EUR,,,,,08-01-2022,12-31-2027,,,Recurring price of product PO_HD_DEVICE,Recurring price of product PO_HD_DEVICE,ACTIVE,,,
REC_PO_INTERNAL_CALLS_100,,Recurring price (100) of product PO_INTERNAL_CALLS,,Demo,RECURRING,,1.00,Month,,,,,10,,1.00,EUR,,,,,08-01-2022,12-31-2027,,,Recurring price (100) of product PO_INTERNAL_CALLS,Recurring price (100) of product PO_INTERNAL_CALLS,ACTIVE,,,
REC_PO_INTERNAL_CALLS_200,,Recurring price (200) of product PO_INTERNAL_CALLS,,Demo,RECURRING,,1.00,Month,,,,,10,,2.00,EUR,,,,,08-01-2022,12-31-2027,,,Recurring price (200) of product PO_INTERNAL_CALLS,Recurring price (200) of product PO_INTERNAL_CALLS,ACTIVE,,,
REC_PO_INTERNAL_CALLS_UNLIMITED,,Recurring price (unlimited) of product PO_INTERNAL_CALLS,,Demo,RECURRING,,1.00,Month,,,,,10,,10.00,EUR,,,,,08-01-2022,12-31-2027,,,Recurring price (unlimited) of product PO_INTERNAL_CALLS,Recurring price (unlimited) of product PO_INTERNAL_CALLS,ACTIVE,,,
REC_PO_INTERNET_10,,Recurring price of product PO_INTERNET_10,,Demo,RECURRING,,1.00,Month,,,,,10,,20.00,EUR,,,,,08-01-2022,12-31-2027,,,Recurring price of product PO_INTERNET_10,Recurring price of product PO_INTERNET_10,ACTIVE,,,
REC_PO_INTERNET_20,,Recurring price of product PO_INTERNET_20,,Demo,RECURRING,,1.00,Month,,,,,10,,25.00,EUR,,,,,08-01-2022,12-31-2027,,,Recurring price of product PO_INTERNET_20,Recurring price of product PO_INTERNET_20,ACTIVE,,,
REC_PO_INTERNET_50,,Recurring price of product PO_INTERNET_50,,Demo,RECURRING,,1.00,Month,,,,,10,,32.00,EUR,,,,,08-01-2022,12-31-2027,,,Recurring price of product PO_INTERNET_50,Recurring price of product PO_INTERNET_50,ACTIVE,,,
REC_PO_NETFLIX,,Recurring price of product PO_NETFLIX,,Demo,RECURRING,,1.00,Month,,,,,10,,8.00,EUR,,,,,08-01-2022,12-31-2027,,,Recurring price of product PO_NETFLIX,Recurring price of product PO_NETFLIX,ACTIVE,,,
REC_PO_SMS_PACKAGE_300,,Recurring price (300) of product PO_SMS_PACKAGE,,Demo,RECURRING,,1.00,Month,,,,,10,,3.00,EUR,,,,,08-01-2022,12-31-2027,,,Recurring price (300) of product PO_SMS_PACKAGE,Recurring price (300) of product PO_SMS_PACKAGE,ACTIVE,,,
REC_PO_SMS_PACKAGE_75,,Recurring price (75) of product PO_SMS_PACKAGE,,Demo,RECURRING,,1.00,Month,,,,,10,,1.00,EUR,,,,,08-01-2022,12-31-2027,,,Recurring price (75) of product PO_SMS_PACKAGE,Recurring price (75) of product PO_SMS_PACKAGE,ACTIVE,,,
REC_PO_SMS_PACKAGE_800,,Recurring price (800) of product PO_SMS_PACKAGE,,Demo,RECURRING,,1.00,Month,,,,,10,,6.00,EUR,,,,,08-01-2022,12-31-2027,,,Recurring price (800) of product PO_SMS_PACKAGE,Recurring price (800) of product PO_SMS_PACKAGE,ACTIVE,,,
REC_PO_VOICE_OPTION_300,,Recurring price (300) of product PO_VOICE_OPTION,,Demo,RECURRING,,1.00,Month,,,,,10,,3.00,EUR,,,,,08-01-2022,12-31-2027,,,Recurring price (300) of product PO_VOICE_OPTION,Recurring price (300) of product PO_VOICE_OPTION,ACTIVE,,,
REC_PO_VOICE_OPTION_600,,Recurring price (600) of product PO_VOICE_OPTION,,Demo,RECURRING,,1.00,Month,,,,,10,,5.00,EUR,,,,,08-01-2022,12-31-2027,,,Recurring price (600) of product PO_VOICE_OPTION,Recurring price (600) of product PO_VOICE_OPTION,ACTIVE,,,
REC_PO_VOICE_OPTION_UNLIMITED,,Recurring price (unlimited) of product PO_VOICE_OPTION,,Demo,RECURRING,,1.00,Month,,,,,10,,15.00,EUR,,,,,08-01-2022,12-31-2027,,,Recurring price (unlimited) of product PO_VOICE_OPTION,Recurring price (unlimited) of product PO_VOICE_OPTION,ACTIVE,,,
REC_PO_WHATSAPP_AND_FACEBOOK_UNLIMITED,,Recurring price of product PO_WHATSAPP_AND_FACEBOOK_UNLIMITED,,Demo,RECURRING,,1.00,Month,,,,,20,,5.00,EUR,,,,,08-01-2022,12-31-2027,,,Recurring price of product PO_WHATSAPP_AND_FACEBOOK_UNLIMITED,Recurring price of product PO_WHATSAPP_AND_FACEBOOK_UNLIMITED,ACTIVE,,,
REC_PO_WHATSAPP_AND_FACEBOOK_UNLIMITED_WITH_DATA_PACKAGE,,Recurring price (with data package) of product PO_WHATSAPP_AND_FACEBOOK_UNLIMITED,,Demo,RECURRING,,1.00,Month,,,,,10,,0.00,EUR,,,,,08-01-2022,12-31-2027,,,Recurring price (with data package) of product PO_WHATSAPP_AND_FACEBOOK_UNLIMITED,Recurring price (with data package) of product PO_WHATSAPP_AND_FACEBOOK_UNLIMITED,ACTIVE,,,
REC_PO_WHATSAPP_UNLIMITED,,Recurring price of product PO_WHATSAPP_UNLIMITED,,Demo,RECURRING,,1.00,Month,,,,,10,,2.00,EUR,,,,,08-01-2022,12-31-2027,,,Recurring price of product PO_WHATSAPP_UNLIMITED,Recurring price of product PO_WHATSAPP_UNLIMITED,ACTIVE,,,
REC_PO_WLAN_ROUTER,,Recurring price of product PO_WLAN_ROUTER,,Demo,RECURRING,,1.00,Month,,,,,10,,4.00,EUR,,,,,08-01-2022,12-31-2027,,,Recurring price of product PO_WLAN_ROUTER,Recurring price of product PO_WLAN_ROUTER,ACTIVE,,,
USG_PO_VIDEO_ON_DEMAND,,Usage price of product PO_VIDEO_ON_DEMAND,,Demo,USAGE,,1.00,Month,,,,,10,,4.00,EUR,,,,,08-01-2022,12-31-2027,,,Usage price of product PO_VIDEO_ON_DEMAND,Usage price of product PO_VIDEO_ON_DEMAND,ACTIVE,,,
