Record ID,Record ID Extension,Name,LongDescription,ShortDescription,SingleUse,SubsetType,Uom,RecordUse,Project Tag Name,Offer Id,Offer Id Extension,Owner,MustComplete,IsTemplate,ConcurrentOrder,Class,Attachment,Record Status,GroupMaxQty,GroupMinQty,GroupNumber,GroupOptional,CancellationPeriod,ContractLength,ContractUOM,DeliveryType,EndDate,EndTime,ImageUrl,Memo,Premium Delivery Time,Premium Delivery UOM,Standard Delivery Time,Standard Delivery UOM,Start Date,Start Time,Attachment,OPDEdition,AffinityActionGroup,AffinityActionValue,AffinityCancel,AffinityCease,AffinityProvide,AffinityUpdate,AffinityCondition,AffinityCorrelation,AffinityParentGroup,Affininity Type
BPO_COMBINED,,BPO_COMBINED,"PAYG, VIDeo and INT Roaming Products","PAYG, VIDeo and INT Roaming Products",,,,Commercial,3UK_MVNO_COMMON,,,,true,false,,BPO,,ACTIVE,,,,,,,,,,,,,,,,,,,,,,,,,,,,,,,
BPO_DEMO1,,BPO_DEMO1,A long description,,,,,Commercial,3UK_MVNO_COMMON,,,,true,false,,BPO,,ACTIVE,,,,,,,,,,,,,,,,,,,,,,,,,,,,,,,
BPO_FIXED_TELEPHONY_PACKAGE,,Fixed Telephony Package,Get our new fixed line offering and select between our VOIP and traditional line. Also check out our comfy options!,Get our new fixed line offering and select between our VOIP and traditional line. Also check out our comfy options!,false,,,Commercial,Demo,,,,true,false,true,BPO,,ACTIVE,,,,,,,,,,,,,,,,,,,,,,,,,,,,,,,
BPO_INTERNET_PACKAGE,,Internet Package,Our new Internet Package comes with different bandwith selections to choose from and many additional options of your choice.,Our new Internet Package comes with different bandwith selections to choose from and many additional options of your choice.,false,,,Commercial,Demo,,,,true,false,true,BPO,,ACTIVE,,,,,,,,,,,,,,,,,,,,,,,,,,,,,,,
BPO_IOT_PACKAGES,,IoT Packages,Check out our new additinal IoT Services. This includes various security options and additions for your home entertainment.,Check out our new additinal IoT Services. This includes various security options and additions for your home entertainment.,false,,,Commercial,Demo,,,,true,false,true,BPO,,ACTIVE,,,,,,,,,,,,,,,,,,,,,,,,,,,,,,,
BPO_MOBILE_PACKAGE,,Mobile Package,Create your own mobile bundle and select options according to your preferred usage.,Create your own mobile bundle and select options according to your preferred usage.,false,,,Commercial,Demo,,,,true,false,true,BPO,,ACTIVE,,,,,,,,,,,,,,,,,,,,,,,,,,,,,,,
BPO_QUAD_PLAY_BUNDLE,,Quad Play Bundle,Our new flexible Quad Play Bundle allows you combine our fixed and mobile phone package with our internet and tv package. Everything is customizable so you can get the most out of our offerings!,Our new flexible Quad Play Bundle allows you combine our fixed and mobile phone package with our internet and tv package. Everything is customizable so you can get the most out of our offerings!,false,,,Commercial,Demo,,,,true,false,true,BPO,,ACTIVE,,,,,,,,,,,,,,,,,,,,,,,,,,,,,,,
BPO_TV_PACKAGE,,TV Package,Check out our new TV Bundle with many additional options and premium packages,Check out our new TV Bundle with many additional options and premium packages,false,,,Commercial,Demo,,,,true,false,true,BPO,,ACTIVE,,,,,,,,,,,,,,,,,,,,,,,,,,,,,,,
BUNDLE HP,,"Bundle with voice, internet and tv","Bundle with voice, internet and tv","Bundle with voice, internet and tv",,,,Commercial,Demo,,,,true,false,true,BPO,,ACTIVE,,,,,,,,,,,,,,,,,,,,,,,,,,,,,,,
CFS_3RD_PARTY_SERVICES,,3rd Party Services,Custumer Facing Service for 3rd Party Services,Custumer Facing Service for 3rd Party Services,false,,,Commercial,Demo,,,,true,false,true,CFS,,ACTIVE,,,,,,,,,,,,,,,,,,,,,,,,,,,,,,,
CFS_AUDIO,,Audio,Custumer Facing Service for Audio,Custumer Facing Service for Audio,false,,,Commercial,Demo,,,,true,false,true,CFS,,ACTIVE,,,,,,,,,,,,,,,,,,,,,,,,,,,,,,,
CFS_CHANNEL,,Channel,Custumer Facing Service for Channel,Custumer Facing Service for Channel,false,,,Commercial,Demo,,,,true,false,true,CFS,,ACTIVE,,,,,,,,,,,,,,,,,,,,,,,,,,,,,,,
CFS_CLOUD_STORAGE,,Cloud Storage,Custumer Facing Service for Cloud Storage,Custumer Facing Service for Cloud Storage,false,,,Commercial,Demo,,,,true,false,true,CFS,,ACTIVE,,,,,,,,,,,,,,,,,,,,,,,,,,,,,,,
CFS_DATA,,Data,Custumer Facing Service for Data,Custumer Facing Service for Data,false,,,Commercial,Demo,,,,true,false,true,CFS,,ACTIVE,,,,,,,,,,,,,,,,,,,,,,,,,,,,,,,
CFS_EMAIL_BOX,,Email Box,Custumer Facing Service for Email Box,Custumer Facing Service for Email Box,false,,,Commercial,Demo,,,,true,false,true,CFS,,ACTIVE,,,,,,,,,,,,,,,,,,,,,,,,,,,,,,,
CFS_HARDWARE,,Hardware,Custumer Facing Service for Hardware,Custumer Facing Service for Hardware,false,,,Commercial,Demo,,,,true,false,true,CFS,,ACTIVE,,,,,,,,,,,,,,,,,,,,,,,,,,,,,,,
CFS_INSTALLATION,,Installation,Custumer Facing Service for Installation,Custumer Facing Service for Installation,false,,,Commercial,Demo,,,,true,false,true,CFS,,ACTIVE,,,,,,,,,,,,,,,,,,,,,,,,,,,,,,,
CFS_INT_ROAM,,CFS_INT_ROAM,CFS for International Roaming,CFS for International Roaming,,,,Commercial,3UK_MVNO_COMMON,,,,true,false,,CFS,,ACTIVE,,,,,,,,,,,,,,,,,,,,,,,,,,,,,,,
CFS_INTERNET_BASE,,Internet Base,Custumer Facing Service for Internet Base,Custumer Facing Service for Internet Base,false,,,Commercial,Demo,,,,true,false,true,CFS,,ACTIVE,,,,,,,,,,,,,,,,,,,,,,,,,,,,,,,
CFS_IOT,,IOT,Custumer Facing Service for IOT,Custumer Facing Service for IOT,false,,,Commercial,Demo,,,,true,false,true,CFS,,ACTIVE,,,,,,,,,,,,,,,,,,,,,,,,,,,,,,,
CFS_MOBILE_BASE,,Mobile Base,Custumer Facing Service for Mobile Base,Custumer Facing Service for Mobile Base,false,,,Commercial,Demo,,,,true,false,true,CFS,,ACTIVE,,,,,,,,,,,,,,,,,,,,,,,,,,,,,,,
CFS_MOBILELINE,,CFS_MOBILELINE,,"comprises of HLR, AUC and 3DS",,,,Commercial,3UK_MVNO_COMMON,,,,true,false,,CFS,,ACTIVE,,,,,,,,,,,,,,,,,,,,,,,,,,,,,,,
CFS_MYCFS,,MyCFS,,,false,,,Commercial,Demo,,,,true,false,true,CFS,,ACTIVE,,,,,,,,,,,,,,,,,,,,,,,,,,,,,,,
CFS_OTA,,CFS_OTA,,CFS for OTA,,,,Commercial,3UK_MVNO_COMMON,,,,true,false,,CFS,,ACTIVE,,,,,,,,,,,,,,,,,,,,,,,,,,,,,,,
CFS_ROLLBACK_01,,CFS_RB_01,Rollback RFS,Rollback RFS,,,,Commercial,,,,,true,false,,CFS,,ACTIVE,,,,,,,,,,,,,,,,,,,,,,,,,,,,,,,
CFS_SUBSCRIPTION,,CFS_SUBSCRIPTION,CFS for Subscription Service,Comprises of TNM and CSGI,,,,Commercial,3UK_MVNO_COMMON,,,,true,false,,CFS,,ACTIVE,,,,,,,,,,,,,,,,,,,,,,,,,,,,,,,
CFS_TV_BASE,,TV Base,Custumer Facing Service for TV Base,Custumer Facing Service for TV Base,false,,,Commercial,Demo,,,,true,false,true,CFS,,ACTIVE,,,,,,,,,,,,,,,,,,,,,,,,,,,,,,,
CFS_UPOWER,,CFS_UPOWER,,CFS for UPOWER,,,,Commercial,3UK_MVNO_COMMON,,,,true,false,,CFS,,ACTIVE,,,,,,,,,,,,,,,,,,,,,,,,,,,,,,,
CFS_VIDEO,,CFS_VIDEO,,CFS for VIDEO,,,,Commercial,3UK_MVNO_COMMON,,,,true,false,,CFS,,ACTIVE,,,,,,,,,,,,,,,,,,,,,,,,,,,,,,,
CFS_VIDEO_ON_DEMAND,,Video On Demand,Custumer Facing Service for Video On Demand,Custumer Facing Service for Video On Demand,false,,,Commercial,Demo,,,,true,false,true,CFS,,ACTIVE,,,,,,,,,,,,,,,,,,,,,,,,,,,,,,,
CFS_VOICE,,Voice,Custumer Facing Service for Voice,Custumer Facing Service for Voice,false,,,Commercial,Demo,,,,true,false,,CFS,,ACTIVE,,,,,,,,,,,,,,,,,,,,,,,,,,,,,,,
CFS_VOICE_AND_MESSAGING,,Voice and Messaging,Custumer Facing Service for Voice and Messaging,Custumer Facing Service for Voice and Messaging,false,,,Commercial,Demo,,,,true,false,,CFS,,ACTIVE,,,,,,,,,,,,,,,,,,,,,,,,,,,,,,,
CFS_VOICE_BASE,,Voice Base,Custumer Facing Service for Voice Base,Custumer Facing Service for Voice Base,false,,,Commercial,Demo,,,,true,false,,CFS,,ACTIVE,,,,,,,,,,,,,,,,,,,,,,,,,,,,,,,
CFS_VOICE_SUPPORT_SERVICES,,Voice Support Services,Custumer Facing Service for Voice Support Services,Custumer Facing Service for Voice Support Services,false,,,Commercial,Demo,,,,true,false,,CFS,,ACTIVE,,,,,,,,,,,,,,,,,,,,,,,,,,,,,,,
CHANNEL_CFS,,Channel,Custumer Facing Service for Channel,Custumer Facing Service for Channel,false,,,Commercial,Demo,,,,true,false,,CFS,,ACTIVE,,,,,,,,,,,,,,,,,,,,,,,,,,,,,,,
GROUP_BANDWITH_SELECTION,,Bandwith Selection,Product Group Bandwith Selection,Product Group Bandwith Selection,false,,,All,,,,,true,false,,GROUP,,ACTIVE,1,1,1,false,,,,,,,,,,,,,,,,,,,,,,,,,,,
GROUP_DATA_PACKAGE_SELECTION,,Data Package Selection,Product Group Data Package Selection,Product Group Data Package Selection,false,,,All,,,,,true,false,,GROUP,,ACTIVE,0,1,7,false,,,,,,,,,,,,,,,,,,,,,,,,,,,
GROUP_FRIENDS_AND_FAMILY_PACKAGES,,Friends And Family Packages,Product Group Friends And Family Packages,Product Group Friends And Family Packages,false,,,All,,,,,true,false,,GROUP,,ACTIVE,0,1,3,false,,,,,,,,,,,,,,,,,,,,,,,,,,,
GROUP_MOBILE_SELECTION,,Mobile Selection,Product Group Mobile Selection,Product Group Mobile Selection,false,,,All,,,,,true,false,,GROUP,,ACTIVE,0,1,6,false,,,,,,,,,,,,,,,,,,,,,,,,,,,
GROUP_MODEM_SELECTION,,Modem Selection,Product Group Modem Selection,Product Group Modem Selection,false,,,All,,,,,true,false,,GROUP,,ACTIVE,1,1,2,false,,,,,,,,,,,,,,,,,,,,,,,,,,,
GROUP_SECURITY_OPTIONS,,Security Options,Product Group Security Options,Product Group Security Options,false,,,All,,,,,true,false,,GROUP,,ACTIVE,1,1,1,false,,,,,,,,,,,,,,,,,,,,,,,,,,,
GROUP_SET_TOP_BOX_SELECTION,,Set Top Box Selection,Product Group Set Top Box Selection,Product Group Set Top Box Selection,false,,,All,,,,,true,false,,GROUP,,ACTIVE,1,1,1,false,,,,,,,,,,,,,,,,,,,,,,,,,,,
MS_01,,MS_01,depends on TS01 and TS02,depends on TS01 and TS02,,,,Commercial,DEMO_ROLLBACK,,,,true,false,,CFS,,ACTIVE,,,,,,,,,,,,,,,,,,,,,,,,,,,,,,,
PO_01,,PO_01,depends on RFS01 and RFS02,depends on RFS01 and RFS02,,,,Commercial,3UK_MVNO_COMMON,,,,true,false,,PO,,ACTIVE,,,,,,,,,,,,,,,,,,,,,,,,,,,,,,,
PO_10_MEMBERS,,10 Members,Unlimited minutes for calls to 10 members of your family or friends.,Unlimited minutes for calls to 10 members of your family or friends.,false,Option,,Commercial,Demo,,,,true,false,true,PO,,ACTIVE,,,,,,,,,,,,,,,,,,,,,,,,,,,,,,,
PO_2_MEMBERS,,2 Members,Unlimited minutes for calls to 2 members of your family or friends.,Unlimited minutes for calls to 2 members of your family or friends.,false,Option,,Commercial,Demo,,,,true,false,true,PO,,ACTIVE,,,,,,,,,,,,,,,,,,,,,,,,,,,,,,,
PO_ALL-PROVIDER_CALLS,,All-Provider Calls,Get free minutes for calls to all mobile providers.,Get free minutes for calls to all mobile providers.,false,Option,,Commercial,Demo,,,,true,false,true,PO,,ACTIVE,,,,,,,,,,,,,,,,,,,,,,,,,,,,,,,
PO_ALL-PROVIDER_CALLS_TOPUP,,All-Provider Calls TopUp,Get additional minutes into all networks for the month of your selection.,Get additional minutes into all networks for the month of your selection.,false,TopUp,,Commercial,Demo,,,,true,false,true,PO,,ACTIVE,,,,,,,,,,,,,,,,,,,,,,,,,,,,,,,
PO_AUDIO_CHANNELS,,Audio Channels,Stream audio from 50 of the most popular radio stations.,Stream audio from 50 of the most popular radio stations.,false,Option,,Commercial,Demo,,,,true,false,true,PO,,ACTIVE,,,,,,,,,,,,,,,,,,,,,,,,,,,,,,,
PO_BASIC_DEVICE,,Basic Device,Basic device with SD.,Basic device with SD.,false,HW,,Commercial,Demo,,,,true,false,true,PO,,ACTIVE,,,,,,,,,,,,,,,,,,,,,,,,,,,,,,,
PO_BASIC_MODEM,,Basic Modem,Basic modem without wireless routing capabilities.,Basic modem without wireless routing capabilities.,false,HW,,Commercial,Demo,,,,true,false,true,PO,,ACTIVE,,,,,,,,,,,,,,,,,,,,,,,,,,,,,,,
PO_BASIC_MONITORING_ALARMS,,Basic Monitoring Alarms,Secure your house with additional alarms and get notified whereever you are.,Secure your house with additional alarms and get notified whereever you are.,false,IoT,,Commercial,Demo,,,,true,false,true,PO,,ACTIVE,,,,,,,,,,,,,,,,,,,,,,,,,,,,,,,
PO_BASIC_MONITORING_ALARMS_AND_VIDEOS,,Basic Monitoring Alarms and Videos,Secure your house with additional alarms and get notified whereever you are. With the additional Video option you can access all cameras online.,Secure your house with additional alarms and get notified whereever you are. With the additional Video option you can access all cameras online.,false,IoT,,Commercial,Demo,,,,true,false,true,PO,,ACTIVE,,,,,,,,,,,,,,,,,,,,,,,,,,,,,,,
PO_CLOUD_BASED_RECORDING,,Cloud Based Recording,Record your favorite series or movies and play it from anywhere using our cloud based recording service.,Record your favorite series or movies and play it from anywhere using our cloud based recording service.,false,Option,,Commercial,Demo,,,,true,false,true,PO,,ACTIVE,,,,,,,,,,,,,,,,,,,,,,,,,,,,,,,
PO_CLOUD_BASED_STORAGE,,Cloud Based Storage,Backup your files and access them anywhere using our cloud based storage with 5 GB.,Backup your files and access them anywhere using our cloud based storage with 5 GB.,false,Option,,Commercial,Demo,,,,true,false,true,PO,,ACTIVE,,,,,,,,,,,,,,,,,,,,,,,,,,,,,,,
PO_CONTRACT,,PO_CONTRACT,,30 day contract,,,,Commercial,3UK_MVNO_COMMON,,,,true,false,,PO,,ACTIVE,,,,,,,,,,,,,,,,,,,,,,,,,,,,,,,
PO_DATA_PACKAGE,,Data Package,Choose an additional flat rate for your data consumption.,Choose an additional flat rate for your data consumption.,false,Option,,Commercial,Demo,,,,true,false,true,PO,,ACTIVE,,,,,,,,,,,,,,,,,,,,,,,,,,,,,,,
PO_DATA_TOPUP,,Data TopUp,Get additional GB of data for the month of your selection.,Get additional GB of data for the month of your selection.,false,TopUp,,Commercial,Demo,,,,true,false,true,PO,,ACTIVE,,,,,,,,,,,,,,,,,,,,,,,,,,,,,,,
PO_EMAIL_BOX,,Email Box,Get an E-Mail account with 10 GB Space.,Get an E-Mail account with 10 GB Space.,false,Option,,Commercial,Demo,,,,true,false,true,PO,,ACTIVE,,,,,,,,,,,,,,,,,,,,,,,,,,,,,,,
PO_EXTRA_CHANNELS,,Extra Channels,Get additional channels from a set of 200 channels.,Get additional channels from a set of 200 channels.,false,Option,,Commercial,Demo,,,,true,false,true,PO,,ACTIVE,,,,,,,,,,,,,,,,,,,,,,,,,,,,,,,
PO_EXTRA_TELEPHONY_SERVICE,,Extra Telephony Service,Additional comfort options for your fixed line.,Additional comfort options for your fixed line.,false,Option,,Commercial,Demo,,,,true,false,true,PO,,ACTIVE,,,,,,,,,,,,,,,,,,,,,,,,,,,,,,,
PO_HD_DEVICE,,HD Device,New device with HD.,New device with HD.,false,HW,,Commercial,Demo,,,,true,false,true,PO,,ACTIVE,,,,,,,,,,,,,,,,,,,,,,,,,,,,,,,
PO_HTC_ONE_M9,,HTC One M9,With a premium all-metal unibody the beautiful One M9 doesn't stray away from HTC's gorgeous design tradition for its flagship line.,With a premium all-metal unibody the beautiful One M9 doesn't stray away from HTC's gorgeous design tradition for its flagship line.,false,Phones,,Commercial,Demo,,,,true,false,true,PO,,ACTIVE,,,,,,,,,,,,,,,,,,,,,,,,,,,,,,,
PO_INT_ROAM,,PO_INT_ROAM,Product Offer International Roaming,International Roaming,,,,Commercial,3UK_MVNO_COMMON,,,,true,false,,PO,,ACTIVE,,,,,,,,,,,,,,,,,,,,,,,,,,,,,,,
PO_INTERNAL_CALLS,,Internal Calls,Get free minutes for calls to the same mobile provider.,Get free minutes for calls to the same mobile provider.,false,Option,,Commercial,Demo,,,,true,false,true,PO,,ACTIVE,,,,,,,,,,,,,,,,,,,,,,,,,,,,,,,
PO_INTERNAL_CALLS_TOPUP,,Internal Calls TopUp,Get additional minutes into the same network for the month of your selection.,Get additional minutes into the same network for the month of your selection.,false,TopUp,,Commercial,Demo,,,,true,false,true,PO,,ACTIVE,,,,,,,,,,,,,,,,,,,,,,,,,,,,,,,
PO_INTERNATIONAL_OPTION_300,,International Option 300,Check out the international call packages.,Check out the international call packages.,false,Option,,Commercial,Demo,,,,true,false,true,PO,,ACTIVE,,,,,,,,,,,,,,,,,,,,,,,,,,,,,,,
PO_INTERNET_10,,Internet 10,Try out our beginners tariff with 10 Mbit Download Speed and 1 Mbit Upload.,Try out our beginners tariff with 10 Mbit Download Speed and 1 Mbit Upload.,false,Internet,,Commercial,Demo,,,,true,false,true,PO,,ACTIVE,,,,,,,,,,,,,,,,,,,,,,,,,,,,,,,
PO_INTERNET_20,,Internet 20,Try out our medium tariff with 20 Mbit Download Speed and 2 Mbit Upload.,Try out our medium tariff with 20 Mbit Download Speed and 2 Mbit Upload.,false,Internet,,Commercial,Demo,,,,true,false,true,PO,,ACTIVE,,,,,,,,,,,,,,,,,,,,,,,,,,,,,,,
PO_INTERNET_50,,Internet 50,Try out our largest tariff with 50 Mbit Download Speed and 10 Mbit Upload.,Try out our largest tariff with 50 Mbit Download Speed and 10 Mbit Upload.,false,Internet,,Commercial,Demo,,,,true,false,true,PO,,ACTIVE,,,,,,,,,,,,,,,,,,,,,,,,,,,,,,,
PO_IPHONE_6,,iPhone 6,The iPhone 6 represents Apple's second largest departure in terms of design since the iPhone 4 and ushers in an era of rounded aesthetics.,The iPhone 6 represents Apple's second largest departure in terms of design since the iPhone 4 and ushers in an era of rounded aesthetics.,false,Phones,,Commercial,Demo,,,,true,false,true,PO,,ACTIVE,,,,,,,,,,,,,,,,,,,,,,,,,,,,,,,
PO_NETFLIX,,Netflix,Include Netflix into your offer!,Include Netflix into your offer!,false,Option,,Commercial,Demo,,,,true,false,true,PO,,ACTIVE,,,,,,,,,,,,,,,,,,,,,,,,,,,,,,,
PO_PAYG,,PO_PAYG,,Pay as you go,,,,Commercial,3UK_MVNO_COMMON,,,,true,false,,PO,,ACTIVE,,,,,,,,,01-01-2030,,,,,,,,01-01-2022,,,,,,,,,,,,,,
PO_PREMIUM_CHANNELS,,Premium Channels,"Enjoy our premium channels for movies, sports and kids.","Enjoy our premium channels for movies, sports and kids.",false,Option,,Commercial,Demo,,,,true,false,true,PO,,ACTIVE,,,,,,,,,,,,,,,,,,,,,,,,,,,,,,,
PO_SAMSUNG_GALAXY_S6,,Samsung Galaxy S6,Samsung Galaxy S6 smartphone was launched in March 2015. The phone comes with a 5.10-inch touchscreen display with a resolution of 1440 pixels by 2560 pixels at a PPI of 577 pixels per inch.,Samsung Galaxy S6 smartphone was launched in March 2015. The phone comes with a 5.10-inch touchscreen display with a resolution of 1440 pixels by 2560 pixels at a PPI of 577 pixels per inch.,false,Phones,,Commercial,Demo,,,,true,false,true,PO,,ACTIVE,,,,,,,,,,,,,,,,,,,,,,,,,,,,,,,
PO_SMS_PACKAGE,,SMS Package,Choose a package to receive free SMSs into any mobile network.,Choose a package to receive free SMSs into any mobile network.,false,Option,,Commercial,Demo,,,,true,false,true,PO,,ACTIVE,,,,,,,,,,,,,,,,,,,,,,,,,,,,,,,
PO_SMS_TOPUP,,SMS TopUp,Get additional SMSs into all networks for the month of your selection.,Get additional SMSs into all networks for the month of your selection.,false,TopUp,,Commercial,Demo,,,,true,false,true,PO,,ACTIVE,,,,,,,,,,,,,,,,,,,,,,,,,,,,,,,
PO_VIDEO,,PO_VIDEO,Product Offer Video,Video Service,,,,Commercial,3UK_MVNO_COMMON,,,,true,false,,PO,,ACTIVE,,,,,,,,,,,,,,,,,,,,,,,,,,,,,,,
PO_VIDEO_ON_DEMAND,,Video On Demand,Activate Video on Demand to select and watch movies whenever and wherever you like.,Activate Video on Demand to select and watch movies whenever and wherever you like.,false,Option,,Commercial,Demo,,,,true,false,true,PO,,ACTIVE,,,,,,,,,,,,,,,,,,,,,,,,,,,,,,,
PO_VOICE_OPTION,,Voice Option,Check out the call packages.,Check out the call packages.,false,Option,,Commercial,Demo,,,,true,false,true,PO,,ACTIVE,,,,,,,,,,,,,,,,,,,,,,,,,,,,,,,
PO_WHATSAPP_AND_FACEBOOK_UNLIMITED,,WhatsApp and Facebook Unlimited,Unlimited data usage with WhatsApp & Facebook.,Unlimited data usage with WhatsApp & Facebook.,false,Option,,Commercial,Demo,,,,true,false,true,PO,,ACTIVE,,,,,,,,,,,,,,,,,,,,,,,,,,,,,,,
PO_WHATSAPP_UNLIMITED,,WhatsApp Unlimited,Unlimited data usage with WhatsApp.,Unlimited data usage with WhatsApp.,false,Option,,Commercial,Demo,,,,true,false,true,PO,,ACTIVE,,,,,,,,,,,,,,,,,,,,,,,,,,,,,,,
PO_WLAN_ROUTER,,Wlan Router,Modem with integrated wireless router.,Modem with integrated wireless router.,false,HW,,Commercial,Demo,,,,true,false,true,PO,,ACTIVE,,,,,,,,,,,,,,,,,,,,,,,,,,,,,,,
PRODUCT_1,,Product 1,Product 1 Long,Product 1 Short,true,,,Commercial,Demo,,,,true,false,,BPO,,ACTIVE,,,,,,,,,,,,,,,,,,,,,,,,,,,,,,,
RFS_02,,RFS_02,Prove/Act rollback demo,Prove/Act rollback demo,,,,Technical,3UK_MVNO_COMMON,,,,true,false,,RFS,,ACTIVE,,,,,,,,,,,,,,,,,,,,,,,,,,,,,,,
RFS_03,,RFS_03,Provision/Activate rollback demo,Provision/Activate rollback demo,,,,Technical,3UK_MVNO_COMMON,,,,true,false,,RFS,,ACTIVE,,,,,,,,,,,,,,,,,,,,,,,,,,,,,,,
RFS_3DS,,RFS_3DS,3DS Provisioning Description...,3DS Provisioning,,,,Technical,3UK_MVNO_COMMON,,,,true,false,,RFS,,ACTIVE,,,,,,,,,,,,,,,,,,,,,,,,,,,,,,,
RFS_ANTI_VIRUS,,RFS Anti Virus,RFS Anti Virus,RFS Anti Virus,false,,,Technical,Demo,,,,true,false,true,RFS,,ACTIVE,,,,,,,,,,,,,,,,,,,,,,,,,,,,,,,
RFS_AUC,,RFS_AUC,,AUC Provisioing,,,,Technical,3UK_MVNO_COMMON,,,,true,false,,RFS,,ACTIVE,,,,,,,,,,,,,,,,,,,,,,,,,,,,,,,
RFS_AUDIO_CHANNEL,,RFS Audio Channel,RFS Audio Channel,RFS Audio Channel,false,,,Technical,Demo,,,,true,false,true,RFS,,ACTIVE,,,,,,,,,,,,,,,,,,,,,,,,,,,,,,,
RFS_AUDIO_STREAMING,,RFS Audio Streaming,RFS Audio Streaming,RFS Audio Streaming,false,,,Technical,Demo,,,,true,false,true,RFS,,ACTIVE,,,,,,,,,,,,,,,,,,,,,,,,,,,,,,,
RFS_CSGI,,RFS_CSGI,,CSGi Provisioning,,,,Technical,3UK_MVNO_COMMON,,,,true,false,,RFS,,ACTIVE,,,,,,,,,,,,,,,,,,,,,,,,,,,,,,,
RFS_DATA,,RFS_DATA,Resource Facing Service for Data,Resource Facing Service for Data,true,,,Technical,Demo,,,,true,false,,RFS,,ACTIVE,,,,,,,,,,,,,,,,,,,,,,,,,,,,,,,
RFS_HLR,,RFS_HLR,HLR Provision Services,HLR Provisioning,,,,Technical,3UK_MVNO_COMMON,,,,true,false,,RFS,,ACTIVE,,,,,,,,,,,,,,,,,,,,,,,,,,,,,,,
RFS_INT_ROAM,,RFS_INT_ROAM,Provisioning International Roaming service,International Roaming service,,,,Technical,3UK_MVNO_COMMON,,,,true,false,,RFS,,ACTIVE,,,,,,,,,,,,,,,,,,,,,,,,,,,,,,,
RFS_INTERNET_ACCESS_LINE,,RFS Internet Access Line,RFS Internet Access Line,RFS Internet Access Line,false,,,Technical,Demo,,,,true,false,true,RFS,,ACTIVE,,,,,,,,,,,,,,,,,,,,,,,,,,,,,,,
RFS_INTERNET_DATA,,RFS Internet Access Data,RFS Internet Access Data,RFS Internet Access Data,false,,,Technical,Demo,,,,true,false,true,RFS,,ACTIVE,,,,,,,,,,,,,,,,,,,,,,,,,,,,,,,
RFS_MAILBOX,,RFS Mailbox,RFS Mailbox,RFS Mailbox,false,,,Technical,Demo,,,,true,false,true,RFS,,ACTIVE,,,,,,,,,,,,,,,,,,,,,,,,,,,,,,,
RFS_MOBILE_LINE,,Mobile Line,RFS for Mobile Line,RFS for Mobile Line,false,,,Technical,,,,,true,false,,RFS,,ACTIVE,,,,,,,,,,,,,,,,,,,,,,,,,,,,,,,
RFS_OTA,,RFS_OTA,Provisioning OTA Services,OTA Service,,,,Technical,3UK_MVNO_COMMON,,,,true,false,,RFS,,ACTIVE,,,,,,,,,,,,,,,,,,,,,,,,,,,,,,,
RFS_PROCUREMENT,,RFS Procurement,RFS Procurement,RFS Procurement,false,,,Technical,Demo,,,,true,false,true,RFS,,ACTIVE,,,,,,,,,,,,,,,,,,,,,,,,,,,,,,,
RFS_SIM,,SIM,RFS for SIM,RFS for SIM,false,,,Technical,Demo,,,,true,false,true,RFS,,ACTIVE,,,,,,,,,,,,,,,,,,,,,,,,,,,,,,,
RFS_STORAGE,,RFS Storage,RFS Storage,RFS Storage,false,,,Technical,Demo,,,,true,false,true,RFS,,ACTIVE,,,,,,,,,,,,,,,,,,,,,,,,,,,,,,,
RFS_TNM,,RFS_TNM,,TNM Provisioning,,,,Technical,3UK_MVNO_COMMON,,,,true,false,,RFS,,ACTIVE,,,,,,,,,,,,,,,,,,,,,,,,,,,,,,,
RFS_TV_CHANNEL,,RFS TV Channels,RFS TV Channels,RFS TV Channels,false,,,Technical,Demo,,,,true,false,true,RFS,,ACTIVE,,,,,,,,,,,,,,,,,,,,,,,,,,,,,,,
RFS_uPower,,RFS_uPower,Provision/activate uPower services.,Provision/activate uPower,,,,Technical,3UK_MVNO_COMMON,,,,true,false,,RFS,,ACTIVE,,,,,,,,,,,,,,,,,,,,,,,,,,,,,,,
RFS_VIDEO,,RFS_VIDEO,Provisioning Video services,Video Service,,,,Technical,3UK_MVNO_COMMON,,,,true,false,,RFS,,ACTIVE,,,,,,,,,,,,,,,,,,,,,,,,,,,,,,,
RFS_VIDEO_STREAMING,,RFS Video Streaming,RFS Video Streaming,RFS Video Streaming,false,,,Technical,Demo,,,,true,false,true,RFS,,ACTIVE,,,,,,,,,,,,,,,,,,,,,,,,,,,,,,,
RFS_VOICE_AND_MESSAGING,,Voice and Messaging,RFS for Voice and Messaging,RFS for Voice and Messaging,false,,,Technical,Demo,,,,true,false,,RFS,,ACTIVE,,,,,,,,,,,,,,,,,,,,,,,,,,,,,,,
RFS_VOICE_COPPER,,RFS Voice Copper,RFS Voice Copper,RFS Voice Copper,false,,,Technical,Demo,,,,true,false,true,RFS,,ACTIVE,,,,,,,,,,,,,,,,,,,,,,,,,,,,,,,
RFS_VOICE_SUPPORT_SERVICES,,RFS Voice Support Services ,RFS Voice Support Services ,RFS Voice Support Services ,false,,,Technical,Demo,,,,true,false,true,RFS,,ACTIVE,,,,,,,,,,,,,,,,,,,,,,,,,,,,,,,
RFS_VOIP,,RFS VoIP,RFS VoIP,RFS VoIP,false,,,Technical,Demo,,,,true,false,true,RFS,,ACTIVE,,,,,,,,,,,,,,,,,,,,,,,,,,,,,,,
TS_02,,TS_02,Prove/Act rollback demo,Prove/Act rollback demo,,,,Technical,DEMO_ROLLBACK,,,,true,false,,RFS,,ACTIVE,,,,,,,,,,,,,,,,,,,,,,,,,,,,,,,
TS_03,,TS_03,Provision/Activate rollback demo,Provision/Activate rollback demo,,,,Technical,DEMO_ROLLBACK,,,,true,false,,RFS,,ACTIVE,,,,,,,,,,,,,,,,,,,,,,,,,,,,,,,
