Product - Record ID,Characteristic - Record ID,Project Tag Name,Relationship Value,Evaluation Priority,Action
RFS_02,COMPENSATE_PROVIDE,3UK_MVNO_COMMON,PF_3UK_MVNO_CEASE,,PROVIDE
RFS_02,EPMR_ACTION_PROVIDE,3UK_MVNO_COMMON,COMPENSATE,,PROVIDE
RFS_02,EPMR_ACTION_PROVIDE_UDF_CHANGE,3UK_MVNO_COMMON,COMPENSATE,,PROVIDE
RFS_04,COMPENSATE_PROVIDE,,,,
RFS_04,EPMR_ACTION_PROVIDE,,,,
RFS_04,EPMR_ACTION_PROVIDE_UDF_CHANGE,,,,
TS_02,COMPENSATE_PROVIDE,,PF_DEMO_CANCEL,,PROVIDE
TS_02,EPMR_ACTION_WITHDRAW,,COMPENSATE,,
