Parent - Record ID,Child - Record ID,Project Tag Name,Relationship Offer Id,Relationship Offer Id Extension,Sequence Direction,Target Action,Source Action
CFS_INT_ROAM,CFS_MOBILELINE,3UK_MVNO_COMMON,,,,,
CFS_MOBILELINE,CFS_SUBSCRIPTION,3UK_MVNO_COMMON,,,,,
CFS_OTA,CFS_MOBILELINE,3UK_MVNO_COMMON,,,,,
CFS_UPOWER,CFS_MOBILELINE,3UK_MVNO_COMMON,,,,,
CFS_UPOWER,CFS_OTA,3UK_MVNO_COMMON,,,,,
CFS_VIDEO,CFS_MOBILELINE,3UK_MVNO_COMMON,,,,,
RFS_03,RFS_02,3UK_MVNO_COMMON,,,,,
RFS_AUC,RFS_3DS,3UK_MVNO_COMMON,,,,,
RFS_HLR,RFS_AUC,3UK_MVNO_COMMON,,,,,
TS_03,TS_02,,,,,,
