Product - Record ID,PlanFragment - Record ID,Is Affinity,Is Affinity Parent Group,Is Affinity Action Group,Affinity Action Value,Affinity Condition,Affinity Correlation,Affinity Type,Project Tag Name,Plan Fragment Action Mode
CFS_VOICE_SUPPORT_SERVICES,NON_EXECUTING,,,,,,,,,
CHANNEL_CFS,NON_EXECUTING,,,,,,,,,
RFS_DATA,PF_MOBILE_DATA_DEACTIVATE,,,,,,,,,
RFS_MOBILE_LINE,PF_MOBILE_LINE_DEACTIVATE,,,,,,,,,
RFS_SIM,PF_SIM_DEACTIVATE,,,,,,,,,
RFS_VOICE_AND_MESSAGING,PF_VAM_DEACTIVATE,,,,,,,,,
RFS_VOIP,PF_VOIP_DEACTIVATE,false,,,,,,CrossLink,,
TS_02,PF_DEMO_CANCEL,,,,,,,,,
TS_03,PF_DEMO_CANCEL,,,,,,,,,
