Parent - Record ID,Child - Record ID,Project Tag Name,Record Min,Record Max,Start Date,End Date,Sequence,Cease Sequence,Update Sequence,Relationship Offer Id,Relationship Offer Id Extension,Auto Provision,Action,ABD,LinkDefinitions
BPO_COMBINED,PO_INT_ROAM,3UK_MVNO_COMMON,,,,,,,,,,true,PROVIDE,,
BPO_COMBINED,PO_PAYG,3UK_MVNO_COMMON,,,,,,,,,,true,PROVIDE,,
BPO_COMBINED,PO_VIDEO,3UK_MVNO_COMMON,,,,,,,,,,true,PROVIDE,,
BPO_DEMO1,PO_PAYG,3UK_MVNO_COMMON,,,,,,,,,,true,PROVIDE,,
BPO_DEMO1,PO_VIDEO,3UK_MVNO_COMMON,,,,,,,,,,true,PROVIDE,,
BPO_FIXED_TELEPHONY_PACKAGE,CFS_VOICE_BASE,Demo,1,1,,,1.00,1.00,1.00,,,true,,,
BPO_FIXED_TELEPHONY_PACKAGE,PO_EXTRA_TELEPHONY_SERVICE,Demo,0,1,,,1.00,1.00,1.00,,,false,,,
BPO_FIXED_TELEPHONY_PACKAGE,PO_INTERNATIONAL_OPTION_300,Demo,0,1,,,1.00,1.00,1.00,,,false,,,
BPO_FIXED_TELEPHONY_PACKAGE,PO_VOICE_OPTION,Demo,0,1,,,1.00,1.00,1.00,,,false,,,
BPO_INTERNET_PACKAGE,GROUP_BANDWITH_SELECTION,Demo,1,1,,,1.00,1.00,1.00,,,false,,,
BPO_INTERNET_PACKAGE,GROUP_MODEM_SELECTION,Demo,1,1,,,1.00,1.00,1.00,,,false,,,
BPO_INTERNET_PACKAGE,PO_CLOUD_BASED_STORAGE,Demo,0,1,,,1.00,1.00,1.00,,,false,,,
BPO_INTERNET_PACKAGE,PO_EMAIL_BOX,Demo,0,6,,,1.00,1.00,1.00,,,false,,,
BPO_IOT_PACKAGES,GROUP_SECURITY_OPTIONS,Demo,1,1,,,1.00,1.00,1.00,,,false,,,
BPO_MOBILE_PACKAGE,CFS_MOBILE_BASE,Demo,1,1,,,1.00,1.00,1.00,,,true,,,
BPO_MOBILE_PACKAGE,GROUP_DATA_PACKAGE_SELECTION,Demo,1,1,,,1.00,1.00,1.00,,,false,,,
BPO_MOBILE_PACKAGE,GROUP_FRIENDS_AND_FAMILY_PACKAGES,Demo,1,1,,,1.00,1.00,1.00,,,false,,,
BPO_MOBILE_PACKAGE,GROUP_MOBILE_SELECTION,Demo,1,1,,,1.00,1.00,1.00,,,false,,,
BPO_MOBILE_PACKAGE,PO_ALL-PROVIDER_CALLS,Demo,0,1,,,1.00,1.00,1.00,,,false,,,
BPO_MOBILE_PACKAGE,PO_INTERNAL_CALLS,Demo,0,1,,,1.00,1.00,1.00,,,false,,,
BPO_MOBILE_PACKAGE,PO_SMS_PACKAGE,Demo,0,1,,,1.00,1.00,1.00,,,false,,,
BPO_QUAD_PLAY_BUNDLE,BPO_FIXED_TELEPHONY_PACKAGE,Demo,1,1,,,1.00,1.00,1.00,,,false,,,
BPO_QUAD_PLAY_BUNDLE,BPO_INTERNET_PACKAGE,Demo,1,1,,,1.00,1.00,1.00,,,false,,,
BPO_QUAD_PLAY_BUNDLE,BPO_MOBILE_PACKAGE,Demo,1,1,,,1.00,1.00,1.00,,,false,,,
BPO_QUAD_PLAY_BUNDLE,BPO_TV_PACKAGE,Demo,1,1,,,1.00,1.00,1.00,,,false,,,
BPO_TV_PACKAGE,CFS_TV_BASE,Demo,1,1,,,1.00,1.00,1.00,,,true,,,
BPO_TV_PACKAGE,GROUP_SET_TOP_BOX_SELECTION,Demo,1,1,,,1.00,1.00,1.00,,,false,,,
BPO_TV_PACKAGE,PO_AUDIO_CHANNELS,Demo,0,1,,,1.00,1.00,1.00,,,false,,,
BPO_TV_PACKAGE,PO_CLOUD_BASED_RECORDING,Demo,0,1,,,1.00,1.00,1.00,,,false,,,
BPO_TV_PACKAGE,PO_EXTRA_CHANNELS,Demo,0,1,,,1.00,1.00,1.00,,,false,,,
BPO_TV_PACKAGE,PO_NETFLIX,Demo,0,1,,,1.00,1.00,1.00,,,false,,,
BPO_TV_PACKAGE,PO_PREMIUM_CHANNELS,Demo,0,1,,,1.00,1.00,1.00,,,false,,,
BPO_TV_PACKAGE,PO_VIDEO_ON_DEMAND,Demo,0,1,,,1.00,1.00,1.00,,,false,,,
CFS_AUDIO,RFS_AUDIO_CHANNEL,Demo,1,1,,,1.00,1.00,1.00,,,true,,,
CFS_CHANNEL,RFS_TV_CHANNEL,Demo,1,1,,,1.00,1.00,1.00,,,true,,,
CFS_CLOUD_STORAGE,RFS_ANTI_VIRUS,Demo,1,1,,,2.00,1.00,2.00,,,true,,,
CFS_CLOUD_STORAGE,RFS_STORAGE,Demo,1,1,,,1.00,2.00,1.00,,,true,,,
CFS_DATA,RFS_DATA,Demo,1,1,,,1.00,1.00,1.00,,,true,,,
CFS_EMAIL_BOX,RFS_ANTI_VIRUS,Demo,1,1,,,2.00,1.00,2.00,,,true,,,
CFS_EMAIL_BOX,RFS_MAILBOX,Demo,1,1,,,1.00,2.00,1.00,,,true,,,
CFS_HARDWARE,CFS_INSTALLATION,Demo,1,1,,,3.00,1.00,3.00,,,true,,,
CFS_HARDWARE,RFS_PROCUREMENT,Demo,1,1,,,1.00,3.00,1.00,,,true,,,
CFS_INT_ROAM,RFS_INT_ROAM,3UK_MVNO_COMMON,,,,,,,,,,true,PROVIDE,,
CFS_INTERNET_BASE,RFS_INTERNET_ACCESS_LINE,Demo,1,1,,,1.00,2.00,1.00,,,true,,,
CFS_INTERNET_BASE,RFS_INTERNET_DATA,Demo,1,1,,,2.00,1.00,2.00,,,true,,,
CFS_MOBILE_BASE,RFS_DATA,Demo,1,1,,,1.00,2.00,2.00,,,true,,,
CFS_MOBILE_BASE,RFS_MOBILE_LINE,Demo,1,1,,,1.00,3.00,1.00,,,true,,,
CFS_MOBILE_BASE,RFS_SIM,Demo,1,1,,,3.00,3.00,1.00,,,true,,,
CFS_MOBILE_BASE,RFS_VOICE_AND_MESSAGING,Demo,1,1,,,2.00,2.00,2.00,,,true,,,
CFS_MOBILELINE,RFS_3DS,3UK_MVNO_COMMON,,,12-02-2021,12-02-2030,,,,,,true,PROVIDE,,
CFS_MOBILELINE,RFS_AUC,3UK_MVNO_COMMON,,,12-02-2021,12-02-2030,,,,,,true,PROVIDE,,
CFS_MOBILELINE,RFS_HLR,3UK_MVNO_COMMON,,,12-02-2021,12-02-2030,,,,,,true,PROVIDE,,
CFS_OTA,RFS_OTA,3UK_MVNO_COMMON,,,01-10-2022,01-10-2030,,,,,,true,PROVIDE,,
CFS_ROLLBACK_01,RFS_02,,,,,,,,,,,true,PROVIDE,,
CFS_ROLLBACK_01,RFS_04,,,,,,,,,,,true,PROVIDE,,
CFS_SUBSCRIPTION,RFS_CSGI,3UK_MVNO_COMMON,,,12-02-2021,12-02-2030,2.00,,,,,true,PROVIDE,,
CFS_SUBSCRIPTION,RFS_TNM,3UK_MVNO_COMMON,,,12-02-2021,12-02-2030,1.00,,,,,true,PROVIDE,,
CFS_TV_BASE,RFS_INTERNET_ACCESS_LINE,Demo,1,1,,,1.00,2.00,1.00,,,true,,,
CFS_TV_BASE,RFS_TV_CHANNEL,Demo,1,1,,,2.00,1.00,2.00,,,true,,,
CFS_UPOWER,RFS_uPower,3UK_MVNO_COMMON,,,01-10-2022,01-10-2030,,,,,,true,PROVIDE,,
CFS_VIDEO,RFS_VIDEO,3UK_MVNO_COMMON,,,01-10-2022,01-10-2030,,,,,,true,PROVIDE,,
CFS_VIDEO_ON_DEMAND,RFS_VIDEO_STREAMING,Demo,1,1,,,1.00,1.00,1.00,,,true,,,
CFS_VOICE,RFS_VOICE_COPPER,Demo,1,1,,,1.00,1.00,1.00,,,true,,,
CFS_VOICE,RFS_VOIP,Demo,1,1,,,1.00,1.00,1.00,,,true,,,
CFS_VOICE_AND_MESSAGING,RFS_VOICE_AND_MESSAGING,Demo,1,1,,,1.00,1.00,1.00,,,true,,,
CFS_VOICE_BASE,RFS_INTERNET_ACCESS_LINE,Demo,1,1,,,1.00,2.00,1.00,,,true,,,
CFS_VOICE_BASE,RFS_VOICE_COPPER,Demo,1,1,,,1.00,1.00,1.00,,,true,,,
CFS_VOICE_BASE,RFS_VOIP,Demo,1,1,,,2.00,1.00,2.00,,,true,,,
CFS_VOICE_SUPPORT_SERVICES,RFS_VOICE_SUPPORT_SERVICES,Demo,1,1,,,1.00,1.00,1.00,,,true,,,
GROUP_BANDWITH_SELECTION,PO_INTERNET_10,Demo,0,1,,,1.00,1.00,1.00,,,false,,,
GROUP_BANDWITH_SELECTION,PO_INTERNET_20,Demo,0,1,,,1.00,1.00,1.00,,,false,,,
GROUP_BANDWITH_SELECTION,PO_INTERNET_50,Demo,0,1,,,1.00,1.00,1.00,,,false,,,
GROUP_DATA_PACKAGE_SELECTION,PO_DATA_PACKAGE,Demo,0,1,,,1.00,1.00,1.00,,,false,,,
GROUP_DATA_PACKAGE_SELECTION,PO_WHATSAPP_AND_FACEBOOK_UNLIMITED,Demo,0,1,,,1.00,1.00,1.00,,,false,,,
GROUP_DATA_PACKAGE_SELECTION,PO_WHATSAPP_UNLIMITED,Demo,0,1,,,1.00,1.00,1.00,,,false,,,
GROUP_FRIENDS_AND_FAMILY_PACKAGES,PO_10_MEMBERS,Demo,0,1,,,1.00,1.00,1.00,,,false,,,
GROUP_FRIENDS_AND_FAMILY_PACKAGES,PO_2_MEMBERS,Demo,0,1,,,1.00,1.00,1.00,,,false,,,
GROUP_MOBILE_SELECTION,PO_HTC_ONE_M9,Demo,0,1,,,1.00,1.00,1.00,,,false,,,
GROUP_MOBILE_SELECTION,PO_IPHONE_6,Demo,0,1,,,1.00,1.00,1.00,,,false,,,
GROUP_MOBILE_SELECTION,PO_SAMSUNG_GALAXY_S6,Demo,0,1,,,1.00,1.00,1.00,,,false,,,
GROUP_MODEM_SELECTION,PO_BASIC_MODEM,Demo,0,1,,,1.00,1.00,1.00,,,false,,,
GROUP_MODEM_SELECTION,PO_WLAN_ROUTER,Demo,0,1,,,1.00,1.00,1.00,,,false,,,
GROUP_SECURITY_OPTIONS,PO_BASIC_MONITORING_ALARMS,Demo,0,1,,,1.00,1.00,1.00,,,false,,,
GROUP_SECURITY_OPTIONS,PO_BASIC_MONITORING_ALARMS_AND_VIDEOS,Demo,0,1,,,1.00,1.00,1.00,,,false,,,
GROUP_SET_TOP_BOX_SELECTION,PO_BASIC_DEVICE,Demo,0,1,,,1.00,1.00,1.00,,,false,,,
GROUP_SET_TOP_BOX_SELECTION,PO_HD_DEVICE,Demo,0,1,,,1.00,1.00,1.00,,,false,,,
MS_01,TS_02,DEMO_ROLLBACK,,,09-22-2022,09-22-2030,1.00,,,,,true,PROVIDE,,
MS_01,TS_03,DEMO_ROLLBACK,,,09-22-2022,09-22-2030,2.00,,,,,true,PROVIDE,,
PO_01,RFS_02,3UK_MVNO_COMMON,,,09-22-2022,09-22-2030,1.00,,,,,true,PROVIDE,,
PO_01,RFS_03,3UK_MVNO_COMMON,,,09-22-2022,09-22-2030,2.00,,,,,true,PROVIDE,,
PO_10_MEMBERS,CFS_VOICE_AND_MESSAGING,Demo,1,1,,,1.00,1.00,1.00,,,true,,,
PO_2_MEMBERS,CFS_VOICE_AND_MESSAGING,Demo,1,1,,,1.00,1.00,1.00,,,true,,,
PO_ALL-PROVIDER_CALLS,CFS_VOICE_AND_MESSAGING,Demo,1,1,,,1.00,1.00,1.00,,,true,,,
PO_ALL-PROVIDER_CALLS_TOPUP,CFS_VOICE_AND_MESSAGING,Demo,1,1,,,1.00,1.00,1.00,,,true,,,
PO_AUDIO_CHANNELS,CFS_AUDIO,Demo,1,1,,,1.00,1.00,1.00,,,true,,,
PO_BASIC_DEVICE,CFS_HARDWARE,Demo,1,1,,,1.00,1.00,1.00,,,true,,,
PO_BASIC_MODEM,CFS_HARDWARE,Demo,1,1,,,1.00,1.00,1.00,,,true,,,
PO_BASIC_MONITORING_ALARMS,CFS_IOT,Demo,1,1,,,1.00,1.00,1.00,,,true,,,
PO_BASIC_MONITORING_ALARMS_AND_VIDEOS,CFS_IOT,Demo,1,1,,,1.00,1.00,1.00,,,true,,,
PO_CLOUD_BASED_RECORDING,CFS_CLOUD_STORAGE,Demo,1,1,,,1.00,1.00,1.00,,,true,,,
PO_CLOUD_BASED_STORAGE,CFS_CLOUD_STORAGE,Demo,1,1,,,1.00,1.00,1.00,,,true,,,
PO_CONTRACT,CFS_MOBILELINE,,,,,,,,,,,,,,
PO_CONTRACT,CFS_SUBSCRIPTION,,,,,,,,,,,,,,
PO_DATA_PACKAGE,CFS_DATA,Demo,1,1,,,1.00,1.00,1.00,,,true,,,
PO_DATA_PACKAGE,PO_WHATSAPP_AND_FACEBOOK_UNLIMITED,Demo,1,1,,,1.00,1.00,1.00,,,false,,,
PO_DATA_TOPUP,CFS_DATA,Demo,1,1,,,1.00,1.00,1.00,,,true,,,
PO_EMAIL_BOX,CFS_EMAIL_BOX,Demo,1,1,,,1.00,1.00,1.00,,,true,,,
PO_EXTRA_CHANNELS,CFS_CHANNEL,Demo,1,1,,,1.00,1.00,1.00,,,true,,,
PO_EXTRA_TELEPHONY_SERVICE,CFS_VOICE_SUPPORT_SERVICES,Demo,1,1,,,1.00,1.00,1.00,,,true,,,
PO_HD_DEVICE,CFS_HARDWARE,Demo,1,1,,,1.00,1.00,1.00,,,true,,,
PO_HTC_ONE_M9,CFS_HARDWARE,Demo,1,1,,,1.00,1.00,1.00,,,true,,,
PO_INT_ROAM,CFS_INT_ROAM,3UK_MVNO_COMMON,,,,,,,,,,true,PROVIDE,,
PO_INTERNAL_CALLS,CFS_VOICE,Demo,1,1,,,1.00,1.00,1.00,,,true,,,
PO_INTERNAL_CALLS,CFS_VOICE_AND_MESSAGING,Demo,1,1,,,1.00,1.00,1.00,,,true,,,
PO_INTERNAL_CALLS_TOPUP,CFS_VOICE_AND_MESSAGING,Demo,1,1,,,1.00,1.00,1.00,,,true,,,
PO_INTERNATIONAL_OPTION_300,CFS_VOICE,Demo,1,1,,,1.00,1.00,1.00,,,true,,,
PO_INTERNET_10,CFS_INTERNET_BASE,Demo,1,1,,,1.00,1.00,1.00,,,true,,,
PO_INTERNET_20,CFS_INTERNET_BASE,Demo,1,1,,,1.00,1.00,1.00,,,true,,,
PO_INTERNET_50,CFS_INTERNET_BASE,Demo,1,1,,,1.00,1.00,1.00,,,true,,,
PO_IPHONE_6,CFS_HARDWARE,Demo,1,1,,,1.00,1.00,1.00,,,true,,,
PO_NETFLIX,CFS_3RD_PARTY_SERVICES,Demo,1,1,,,1.00,1.00,1.00,,,true,,,
PO_PAYG,CFS_MOBILELINE,3UK_MVNO_COMMON,,,12-02-2020,12-02-2030,,,,,,true,PROVIDE,,
PO_PAYG,CFS_OTA,3UK_MVNO_COMMON,,,,,,,,,,true,PROVIDE,,
PO_PAYG,CFS_SUBSCRIPTION,3UK_MVNO_COMMON,,,12-02-2021,12-02-2030,,,,,,true,PROVIDE,,
PO_PAYG,CFS_UPOWER,3UK_MVNO_COMMON,,,,,,,,,,true,PROVIDE,,
PO_PREMIUM_CHANNELS,CFS_CHANNEL,Demo,1,1,,,1.00,1.00,1.00,,,true,,,
PO_SAMSUNG_GALAXY_S6,CFS_HARDWARE,Demo,1,1,,,1.00,1.00,1.00,,,true,,,
PO_SMS_PACKAGE,CFS_VOICE_AND_MESSAGING,Demo,1,1,,,1.00,1.00,1.00,,,true,,,
PO_SMS_TOPUP,CFS_VOICE_AND_MESSAGING,Demo,1,1,,,1.00,1.00,1.00,,,true,,,
PO_VIDEO,CFS_VIDEO,3UK_MVNO_COMMON,,,,,,,,,,true,PROVIDE,,
PO_VIDEO_ON_DEMAND,CFS_VIDEO_ON_DEMAND,Demo,1,1,,,1.00,1.00,1.00,,,true,,,
PO_VOICE_OPTION,CFS_VOICE,Demo,1,1,,,1.00,1.00,1.00,,,true,,,
PO_WHATSAPP_AND_FACEBOOK_UNLIMITED,CFS_DATA,Demo,1,1,,,1.00,1.00,1.00,,,true,,,
PO_WHATSAPP_UNLIMITED,CFS_DATA,Demo,1,1,,,1.00,1.00,1.00,,,true,,,
PO_WLAN_ROUTER,CFS_HARDWARE,Demo,1,1,,,1.00,1.00,1.00,,,true,,,
PRODUCT_1,RFS_SIM,,1,1,,,,,,,,true,,,
RFS_AUDIO_CHANNEL,RFS_AUDIO_STREAMING,Demo,1,1,,,1.00,1.00,1.00,,,true,,,
RFS_TV_CHANNEL,RFS_VIDEO_STREAMING,Demo,1,1,,,1.00,1.00,1.00,,,true,,,
