Product - Record ID,PlanFragment - Record ID,Is Affinity,Is Affinity Parent Group,Is Affinity Action Group,Affinity Action Value,Affinity Condition,Affinity Correlation,Affinity Type,Project Tag Name,Plan Fragment Action Mode
RFS_ANTI_VIRUS,PF_ANTIVIRUS_UPDATE,,,,,,,,,
RFS_AUDIO_CHANNEL,PF_GENERIC,,,,,,,,,
RFS_AUDIO_STREAMING,PF_GENERIC,,,,,,,,,
RFS_DATA,PF_MOBILE_DATA_UPDATE,,,,,,,,,
RFS_INTERNET_ACCESS_LINE,PF_INET_LINE_UPDATE,,,,,,,,,
RFS_INTERNET_DATA,PF_INET_DATA_UPDATE,,,,,,,,,
RFS_MAILBOX,PF_MAIL_SERVER_UPDATE,,,,,,,,,
RFS_MOBILE_LINE,PF_MOBILE_LINE_UPDATE,,,,,,,,,
RFS_PROCUREMENT,PF_DELIVERY_UPDATE,,,,,,,,,
RFS_SIM,PF_SIM_UPDATE,,,,,,,,,
RFS_STORAGE,PF_CLOUD_UPDATE,,,,,,,,,
RFS_TV_CHANNEL,PF_GENERIC,,,,,,,,,
RFS_VIDEO_STREAMING,PF_STREAMING_SERVER_UPDATE,,,,,,,,,
RFS_VOICE_AND_MESSAGING,PF_VAM_UPDATE,,,,,,,,,
RFS_VOICE_COPPER,PF_COPPER_UPDATE,,,,,,,,,
RFS_VOICE_SUPPORT_SERVICES,PF_VOICE_SUPPORT_UPDATE,,,,,,,,,
RFS_VOIP,PF_VOIP_UPDATE,,,,,,,,,
