Product - Record ID,PlanFragment - Record ID,Is Affinity,Is Affinity Parent Group,Is Affinity Action Group,Affinity Action Value,Affinity Condition,Affinity Correlation,Affinity Type,Project Tag Name,Plan Fragment Action Mode
BPO_COMBINED,NON_EXECUTING,,,,,,,,,
BPO_DEMO1,NON_EXECUTING,,,,,,,,,
BPO_FIXED_TELEPHONY_PACKAGE,NON_EXECUTING,,,,,,,,,
BPO_INTERNET_PACKAGE,NON_EXECUTING,,,,,,,,,
BPO_IOT_PACKAGES,NON_EXECUTING,,,,,,,,,
BPO_MOBILE_PACKAGE,NON_EXECUTING,,,,,,,,,
BPO_QUAD_PLAY_BUNDLE,NON_EXECUTING,,,,,,,,,
BPO_TV_PACKAGE,NON_EXECUTING,,,,,,,,,
BUNDLE HP,NON_EXECUTING,,,,,,,,,
CFS_3RD_PARTY_SERVICES,NON_EXECUTING,,,,,,,,,
CFS_AUDIO,NON_EXECUTING,,,,,,,,,
CFS_CHANNEL,NON_EXECUTING,,,,,,,,,
CFS_CLOUD_STORAGE,NON_EXECUTING,,,,,,,,,
CFS_DATA,NON_EXECUTING,,,,,,,,,
CFS_EMAIL_BOX,NON_EXECUTING,,,,,,,,,
CFS_HARDWARE,NON_EXECUTING,,,,,,,,,
CFS_INSTALLATION,NON_EXECUTING,,,,,,,,,
CFS_INT_ROAM,NON_EXECUTING,,,,,,,,,
CFS_INTERNET_BASE,NON_EXECUTING,,,,,,,,,
CFS_IOT,NON_EXECUTING,,,,,,,,,
CFS_MOBILE_BASE,NON_EXECUTING,,,,,,,,,
CFS_MOBILELINE,NON_EXECUTING,,,,,,,,,
CFS_MYCFS,NON_EXECUTING,,,,,,,,,
CFS_OTA,NON_EXECUTING,,,,,,,,,
CFS_ROLLBACK_01,NON_EXECUTING,,,,,,,,,
CFS_SUBSCRIPTION,NON_EXECUTING,,,,,,,,,
CFS_TV_BASE,NON_EXECUTING,,,,,,,,,
CFS_UPOWER,NON_EXECUTING,,,,,,,,,
CFS_VIDEO,NON_EXECUTING,,,,,,,,,
CFS_VIDEO_ON_DEMAND,NON_EXECUTING,,,,,,,,,
CFS_VOICE,NON_EXECUTING,,,,,,,,,
CFS_VOICE_AND_MESSAGING,NON_EXECUTING,,,,,,,,,
CFS_VOICE_BASE,NON_EXECUTING,,,,,,,,,
CFS_VOICE_SUPPORT_SERVICES,NON_EXECUTING,,,,,,,,,
CHANNEL_CFS,NON_EXECUTING,,,,,,,,,
MS_01,NON_EXECUTING,,,,,,,,,
PO_01,NON_EXECUTING,,,,,,,,,
PO_10_MEMBERS,NON_EXECUTING,,,,,,,,,
PO_2_MEMBERS,NON_EXECUTING,,,,,,,,,
PO_ALL-PROVIDER_CALLS,NON_EXECUTING,,,,,,,,,
PO_ALL-PROVIDER_CALLS_TOPUP,NON_EXECUTING,,,,,,,,,
PO_AUDIO_CHANNELS,NON_EXECUTING,,,,,,,,,
PO_BASIC_DEVICE,NON_EXECUTING,,,,,,,,,
PO_BASIC_MODEM,NON_EXECUTING,,,,,,,,,
PO_BASIC_MONITORING_ALARMS,NON_EXECUTING,,,,,,,,,
PO_BASIC_MONITORING_ALARMS_AND_VIDEOS,NON_EXECUTING,,,,,,,,,
PO_CLOUD_BASED_RECORDING,NON_EXECUTING,,,,,,,,,
PO_CLOUD_BASED_STORAGE,NON_EXECUTING,,,,,,,,,
PO_CONTRACT,PF_3UK_MVNO_COMMON,,,,,,,,,
PO_DATA_PACKAGE,NON_EXECUTING,,,,,,,,,
PO_DATA_TOPUP,NON_EXECUTING,,,,,,,,,
PO_EMAIL_BOX,NON_EXECUTING,,,,,,,,,
PO_EXTRA_CHANNELS,NON_EXECUTING,,,,,,,,,
PO_EXTRA_TELEPHONY_SERVICE,NON_EXECUTING,,,,,,,,,
PO_HD_DEVICE,NON_EXECUTING,,,,,,,,,
PO_HTC_ONE_M9,NON_EXECUTING,,,,,,,,,
PO_INT_ROAM,NON_EXECUTING,,,,,,,,,
PO_INTERNAL_CALLS,NON_EXECUTING,,,,,,,,,
PO_INTERNAL_CALLS_TOPUP,NON_EXECUTING,,,,,,,,,
PO_INTERNATIONAL_OPTION_300,NON_EXECUTING,,,,,,,,,
PO_INTERNET_10,NON_EXECUTING,,,,,,,,,
PO_INTERNET_20,NON_EXECUTING,,,,,,,,,
PO_INTERNET_50,NON_EXECUTING,,,,,,,,,
PO_IPHONE_6,NON_EXECUTING,,,,,,,,,
PO_NETFLIX,NON_EXECUTING,,,,,,,,,
PO_PAYG,NON_EXECUTING,,,,,,,,,
PO_PREMIUM_CHANNELS,NON_EXECUTING,,,,,,,,,
PO_SAMSUNG_GALAXY_S6,NON_EXECUTING,,,,,,,,,
PO_SMS_PACKAGE,NON_EXECUTING,,,,,,,,,
PO_SMS_TOPUP,NON_EXECUTING,,,,,,,,,
PO_VIDEO,NON_EXECUTING,,,,,,,,,
PO_VIDEO_ON_DEMAND,NON_EXECUTING,,,,,,,,,
PO_VOICE_OPTION,NON_EXECUTING,,,,,,,,,
PO_WHATSAPP_AND_FACEBOOK_UNLIMITED,NON_EXECUTING,,,,,,,,,
PO_WHATSAPP_UNLIMITED,NON_EXECUTING,,,,,,,,,
PO_WLAN_ROUTER,NON_EXECUTING,,,,,,,,,
PRODUCT_1,NON_EXECUTING,,,,,,,,,
RFS_02,PF_DEMO_PROVIDE,,,,,,,,,
RFS_03,PF_3UK_MVNO_ROLLBACK,,,,,,,,,
RFS_04,PF_3UK_MVNO_ROLLBACK,,,,,,,,,
RFS_3DS,PF_3UK_MVNO_COMMON,,,,,,,,,
RFS_ANTI_VIRUS,PF_ANTIVIRUS_ACTIVATE,,,,,,,,,
RFS_AUC,PF_3UK_MVNO_COMMON,,,,,,,,,
RFS_AUDIO_CHANNEL,PF_GENERIC,,,,,,,,,
RFS_AUDIO_STREAMING,PF_GENERIC,,,,,,,,,
RFS_CSGI,PF_3UK_MVNO_COMMON,,,,,,,,,
RFS_DATA,PF_MOBILE_DATA_ACTIVATE,,,,,,,,,
RFS_HLR,PF_3UK_MVNO_COMMON,,,,,,,,,
RFS_INT_ROAM,PF_3UK_MVNO_COMMON,,,,,,,,,
RFS_INTERNET_ACCESS_LINE,PF_INET_LINE_ACTIVATE,,,,,,,,,
RFS_INTERNET_DATA,PF_INET_DATA_ACTIVATE,,,,,,,,,
RFS_MAILBOX,PF_MAIL_SERVER_ACTIVATE,,,,,,,,,
RFS_MOBILE_LINE,PF_MOBILE_LINE_ACTIVATE,,,,,,,,,
RFS_OTA,PF_3UK_MVNO_COMMON,,,,,,,,,
RFS_PROCUREMENT,PF_DELIVERY_PROVIDE,,,,,,,,,
RFS_SIM,PF_SIM_ACTIVATE,,,,,,,,,
RFS_STORAGE,PF_CLOUD_ACTIVATE,,,,,,,,,
RFS_TNM,PF_3UK_MVNO_COMMON,,,,,,,,,
RFS_TV_CHANNEL,PF_GENERIC,,,,,,,,,
RFS_uPower,PF_3UK_MVNO_COMMON,,,,,,,,,
RFS_VIDEO,PF_3UK_MVNO_COMMON,,,,,,,,,
RFS_VIDEO_STREAMING,PF_STREAMING_SERVER_ACTIVATE,,,,,,,,,
RFS_VOICE_AND_MESSAGING,PF_VAM_ACTIVATE,,,,,,,,,
RFS_VOICE_COPPER,PF_COPPER_ACTIVATE,,,,,,,,,
RFS_VOICE_SUPPORT_SERVICES,PF_VOICE_SUPPORT_ACTIVATE,,,,,,,,,
RFS_VOIP,PF_VOIP_DEACTIVATE,,,,,,,,,
TS_02,PF_DEMO_PROVIDE,,,,,,,,,
TS_03,PF_DEMO_SIMULATE,,,,,,,,,
