Product - Record ID,Price - Record ID,Project Tag Name
BPO_FIXED_TELEPHONY_PACKAGE,OT_PO_ALL-PROVIDER_CALLS_TOPUP_100,Demo
BPO_FIXED_TELEPHONY_PACKAGE,REC_PO_HD_DEVICE,Demo
BPO_MOBILE_PACKAGE,REC_PO_CLOUD_BASED_RECORDING,Demo
BPO_MOBILE_PACKAGE,REC_PO_INTERNET_10,Demo
BPO_TV_PACKAGE,REC_PO_INTERNAL_CALLS_100,Demo
PO_10_MEMBERS,PRICE_1,Demo
PO_2_MEMBERS,OT_PO_DATA_TOPUP_1_GB,Demo
PO_ALL-PROVIDER_CALLS,OT_PO_DATA_TOPUP_5_GB,Demo
PO_ALL-PROVIDER_CALLS,REC_PO_BASIC_MODEM,Demo
PO_ALL-PROVIDER_CALLS,REC_PO_EXTRA_CHANNELS_200,Demo
PO_ALL-PROVIDER_CALLS_TOPUP,REC_PO_EXTRA_TELEPHONY_SERVICE,Demo
PO_ALL-PROVIDER_CALLS_TOPUP,REC_PO_INTERNET_50,Demo
PO_AUDIO_CHANNELS,REC_PO_2_MEMBERS,Demo
PO_BASIC_DEVICE,REC_BPO_MOBILE_PACKAGE,Demo
PO_BASIC_MODEM,REC_BPO_TV_PACKAGE,Demo
PO_BASIC_MODEM,REC_PO_DATA_PACKAGE_10_GB,Demo
PO_BASIC_MONITORING_ALARMS,CMP_BPO_FIXED_TELEPHONY_PACKAGE,Demo
PO_BASIC_MONITORING_ALARMS_AND_VIDEOS,REC_BPO_FIXED_TELEPHONY_PACKAGE,Demo
PO_CLOUD_BASED_RECORDING,OT_PO_HTC_ONE_M9,Demo
PO_CLOUD_BASED_STORAGE,REC_PO_NETFLIX,Demo
PO_CONTRACT,PO_PRICE_CONTRACT,3UK_MVNO_COMMON
PO_DATA_PACKAGE,OT_PO_SAMSUNG_GALAXY_S6,Demo
PO_DATA_PACKAGE,REC_PO_EXTRA_CHANNELS_100,Demo
PO_DATA_PACKAGE,REC_PO_INTERNAL_CALLS_UNLIMITED,Demo
PO_DATA_TOPUP,CMP_BPO_MOBILE_PACKAGE_USAGE,Demo
PO_DATA_TOPUP,OT_PO_INTERNAL_CALLS_TOPUP_200,Demo
PO_DATA_TOPUP,REC_PO_BASIC_MONITORING_ALARMS_AND_VIDEOS,Demo
PO_EMAIL_BOX,REC_PO_CLOUD_BASED_STORAGE,Demo
PO_EXTRA_CHANNELS,OT_INSTALLATION_COSTS,Demo
PO_EXTRA_CHANNELS,REC_PO_ALL-PROVIDER_CALLS_200,Demo
PO_EXTRA_TELEPHONY_SERVICE,REC_PO_10_MEMBERS,Demo
PO_HD_DEVICE,OT_PO_INTERNAL_CALLS_TOPUP_100,Demo
PO_HTC_ONE_M9,CMP_PO_INTERNATIONAL_OPTION_300,Demo
PO_INTERNAL_CALLS,REC_PO_DATA_PACKAGE_1_GB,Demo
PO_INTERNAL_CALLS,REC_PO_EMAIL_BOX,Demo
PO_INTERNAL_CALLS,REC_PO_INTERNET_20,Demo
PO_INTERNAL_CALLS_TOPUP,OT_PO_ALL-PROVIDER_CALLS_TOPUP_200,Demo
PO_INTERNAL_CALLS_TOPUP,REC_PO_BASIC_MONITORING_ALARMS,Demo
PO_INTERNATIONAL_OPTION_300,OT_PO_IPHONE_6,Demo
PO_INTERNET_10,REC_PO_ALL-PROVIDER_CALLS_UNLIMITED,Demo
PO_INTERNET_20,CMP_PO_PREMIUM_CHANNELS,Demo
PO_INTERNET_50,OT_PO_DATA_TOPUP_10_GB,Demo
PO_IPHONE_6,REC_PO_AUDIO_CHANNELS,Demo
PO_NETFLIX,REC_PO_BASIC_DEVICE,Demo
PO_PREMIUM_CHANNELS,REC_PO_DATA_PACKAGE_5_GB,Demo
PO_SAMSUNG_GALAXY_S6,REC_PO_ALL-PROVIDER_CALLS_100,Demo
PO_SMS_PACKAGE,REC_PO_INTERNAL_CALLS_200,Demo
PO_SMS_PACKAGE,REC_PREMIUM_CHANNEL_PACKAGE_PRICE,Demo
PO_SMS_PACKAGE,USG_PO_VIDEO_ON_DEMAND,Demo
PO_SMS_TOPUP,OT_INSTALLATION_COSTS,Demo
PO_SMS_TOPUP,REC_PO_WLAN_ROUTER,Demo
PO_SMS_TOPUP,REC_STOD2SP_CHANNEL_PACKAGE_PRICE,Demo
PO_VIDEO_ON_DEMAND,REC_PO_WHATSAPP_UNLIMITED,Demo
PO_VOICE_OPTION,REC_EVROPA_CHANNEL_PACKAGE_PRICE_HAS_TVSKJAR1,Demo
PO_VOICE_OPTION,REC_STOD2_CHANNEL_PACKAGE_PRICE,Demo
PO_WHATSAPP_AND_FACEBOOK_UNLIMITED,REC_ALLT_CHANNEL_PACKAGE_PRICE,Demo
PO_WLAN_ROUTER,REC_MOBILE_APP_PRICE,Demo
PRODUCT_1,PRICE_1,Demo
